"Source","Study","Year Published","Site","Frequency","Duration (y)","Watershed condition","Watershed Canopy (Binary)","Riparian Canopy","Canopy (%)","Climate","WS Land Cover","% Urban","% Ag","% Forest","Wastewater/NPDES","Dam","Lat","Long","Location","Region","WS Area","Watersed area (km2)",,"MA Discharge (m3 s-1)","Width (m)","WaterTemp(degC)","1/kT","Elevation(m)","Annual GPP (g C m-2)","Log GPP","Annual ER (g C m-2)","log ER","logP:R","NEP(g C m-2 y-1)","NEP rank","summer light (mol m-2 d)","Catchment disturbance(%)","BOM (g AFDM m-2)","NH4 (ug/L)","NO3 (ug/L)","SRP (ug/L)","DIN (ug/L)","DOC (mg/L)"
"Finlay","Acuna et al. 2007; Acuna 2004 nuts; Sabater et al. 2007 nutrients",2007,"Fuirosos","Bi-weekly (40 times in 22 monthS)",2,"1","Closed","Closed",,"Temperate","Forest",,,,"No","No","41°42'00.0""N","2°34'00.0""E","Spain","Europe","10-100 km2",16.2,1.2095150145,0.06,2.3,15,40.2724944736,,100.00,2,1020.00,3.0086001718,-1.01,-920,66,,1,91.3,12.1,283.5,4.2,295.6,6.025
"Newer","Alberts",2017,"Cruise Ck","Seasonal",1,1,"Closed","Closed",,"Temperate","Forest",,,,"No","No",,,"Kentucky","North America","10-100 km2",11.1,1.0453229788,,,,,,690.078125,2.8388982608,1402.96875,3.1470479976,-0.31,-712.890625,97,,,,,,,,
"Newer","Alberts",2017,"Middle Ck","Seasonal",1,1,"Closed","Closed",,"Temperate","Forest",,,,"No","No",,,"Kentucky","North America","1-10 km2",8.5,0.9294189257,,,,,,433.4375,2.6369264828,1105.265625,3.0434666632,-0.41,-671.828125,107,,,,,,,,
"Newer","Alberts",2017,"Elijah","Seasonal",1,2,"Closed","Closed",,"Temperate","Urban",,,,"No","No",,,"Kentucky","North America","10-100 km2",10.1,1.0043213738,,,,,,872.578125,2.9408043213,1385.859375,3.1417191641,-0.20,-513.28125,155,,,,,,,,
"Newer","Alberts",2017,"Steep Ck","Seasonal",1,1,"Closed","Closed",,"Temperate","Forest",,,,"No","No",,,"Kentucky","North America","1-10 km2",9.6,0.982271233,,,,,,701.484375,2.8460180019,1163.4375,3.0657430579,-0.22,-461.953125,177,,,,,,,,
"Newer","Alberts",2017,"Ashby Fk","Seasonal",1,1,"Closed","Closed",,"Temperate","Forest",,,,"No","No",,,"Kentucky","North America","10-100 km2",11.4,1.0569048513,,,,,,664.4140625,2.8224388158,1125.796875,3.0514600388,-0.23,-461.3828125,178,,,,,,,,
"Newer","Alberts",2017,"Steep Ck","Seasonal",1,1,"Closed","Closed",,"Temperate","Forest",,,,"No","No",,,"Kentucky","North America","1-10 km2",9.6,0.982271233,,,,,,516.1328125,2.7127614697,934.171875,2.9704267879,-0.26,-418.0390625,199,,,,,,,,
"Newer","Alberts",2017,"Middle Ck","Seasonal",1,1,"Closed","Closed",,"Temperate","Forest",,,,"No","No",,,"Kentucky","North America","1-10 km2",8.5,0.9294189257,,,,,,470.5078125,2.672566839,821.25,2.9144753826,-0.24,-350.7421875,230,,,,,,,,
"Newer","Alberts",2017,"Oakbrook","Seasonal",1,2,"Closed","Closed",,"Temperate","Urban",,,,"No","No",,,"Kentucky","North America","10-100 km2",10.1,1.0043213738,,,,,,829.8046875,2.9189758838,1132.640625,3.0540921346,-0.14,-302.8359375,259,,,,,,,,
"Newer","Alberts",2017,"Sunnybrook","Seasonal",1,2,"Closed","Closed",,"Temperate","Urban",,,,"No","No",,,"Kentucky","North America","1-10 km2",5.7,0.7558748557,,,,,,650.15625,2.8130177418,923.90625,2.965627905,-0.15,-273.75,280,,,,,,,,
"Newer","Alberts",2017,"Cruise Ck","Seasonal",1,1,"Closed","Open",,"Temperate","Forest",,,,"No","No",,,"Kentucky","North America","10-100 km2",11.1,1.0453229788,,,,,,481.9140625,2.6829695994,745.96875,2.8727206345,-0.19,-264.0546875,287,,,,,,,,
"Newer","Alberts",2017,"Elijah","Seasonal",1,2,"Closed","Open",,"Temperate","Urban",,,,"No","No",,,"Kentucky","North America","10-100 km2",10.1,1.0043213738,,,,,,952.421875,2.9788293616,1180.546875,3.0720832359,-0.09,-228.125,311,,,,,,,,
"Newer","Alberts",2017,"Sunnybrook","Seasonal",1,2,"Closed","Open",,"Temperate","Urban",,,,"No","No",,,"Kentucky","North America","1-10 km2",5.7,0.7558748557,,,,,,792.734375,2.8991276907,958.125,2.9814221722,-0.08,-165.390625,342,,,,,,,,
"Newer","Alberts",2017,"Oakbrook","Seasonal",1,2,"Closed","Open",,"Temperate","Urban",,,,"No","No",,,"Kentucky","North America","10-100 km2",10.1,1.0043213738,,,,,,1006.6015625,3.0028576002,1136.0625,3.0554022246,-0.05,-129.4609375,357,,,,,,,,
"Newer","Alberts",2017,"Threemile","Seasonal",1,2,"Closed","Closed",,"Temperate","Urban",,,,"No","No",,,"Kentucky","North America","1-10 km2",8.2,0.9138138524,,,,,,567.4609375,2.7539359712,636.46875,2.8037770851,-0.05,-69.0078125,387,,,,,,,,
"Newer","Alberts",2017,"Threemile","Seasonal",1,2,"Closed","Open",,"Temperate","Urban",,,,"No","No",,,"Kentucky","North America","1-10 km2",8.2,0.9138138524,,,,,,567.4609375,2.7539359712,598.828125,2.7773021895,-0.02,-31.3671875,403,,,,,,,,
"Newer","Alberts",2017,"Ashby Fk","Seasonal",1,1,"Closed","Open",,"Temperate","Forest",,,,"No","No",,,"Kentucky","North America","10-100 km2",11.4,1.0569048513,,,,,,667.265625,2.8242987522,653.578125,2.8152975081,0.01,13.6875,415,,,,,,,,
"Newer","Argeritch",2016,"Watershed 1","Quarterly",1,1,"Closed","Closed",,"Temperate","Forest",0,0,100,"No","No"," 44°12'27.50""N","122°15'32.89""W","Oregon","North America","<1 km2",0.959,-0.0181813928,0.04,,,,,36,1.5563025008,355.875,2.5512974802,-0.99,-319.875,,,,,,,,,
"Newer","Aristi et al. 2014",2014,"Montsant (Reservoir impact)","Quarterly",1,2,"Closed","Open",,"Mediteranean","Ag",,,,"No","Yes","41.284696, 0.755145",,"Spain","Europe","10-100 km2",97,1.9867717343,,,15,40.2724944736,,415.31296875,2.6183754928,1355.4650735294,3.1320883315,-0.51,-940.1521047794,64,,,,,,,,
"Newer","Aristi et al. 2014",2014,"Cinca (Reservoir impact)","Quarterly",1,2,"Open","Open",,"Mediteranean","Ag",,,,"No","Yes","42.121025, 0.230082",,"Spain","Europe","1000-10000 km2",2375,3.375663614,,,15,40.2724944736,,350.02359375,2.5440973195,977.8511029412,2.9902727299,-0.45,-627.8275091912,120,,,,,,,,
"Newer","Aristi et al. 2014",2014,"Montsant","Quarterly",1,2,"Closed","Open",,"Mediteranean","Ag",,,,"No","No","41.328935, 0.871957",,"Spain","Europe","10-100 km2",97,1.9867717343,,,15,40.2724944736,,261.203125,2.4169783685,774.5514705882,2.8890502828,-0.47,-513.3483455882,154,,,,,,,,
"Newer","Aristi et al. 2014",2014,"Ara","Quarterly",1,2,"Closed","Open",,"Mediteranean","Ag",,,,"No","No","42.472703, -0.028821",,"Spain","Europe","100-1000km 2",800,2.903089987,,,15,40.2724944736,,220.140625,2.3427001951,558.7720588235,2.7472346813,-0.40,-338.6314338235,240,,,,,,,,
"Newer","Aristi et al. 2014",2014,"Siurana (Reservoir Impact)","Quarterly",1,2,"Closed","Open",,"Mediteranean","Ag",,,,"No","Yes","41.247874, 0.907618",,"Spain","Europe","100-1000km 2",604,2.7810369386,,,15,40.2724944736,,99.74765625,1.9989027,256.4393382353,2.4089846475,-0.41,-156.6916819853,346,,,,,,,,
"Newer","Aristi et al. 2014",2014,"Siurana","Quarterly",1,2,"Closed","Open",,"Mediteranean","Ag",,,,"No","No","41.257037, 0.943023",,"Spain","Europe","100-1000km 2",604,2.7810369386,,,15,40.2724944736,,62.734375,1.7975055756,146.5367647059,2.1659465988,-0.37,-83.8023897059,380,,,,,,,,
"Newer","Atkinson et al. 2008",2008,"Creightons Creek","Quarterly",1,1,"Open","Open",25,"Arid","Grassland",,,,"No","No","36°44'28""S 145°25'01""E",,"Australia","Asia/Pacifica","100-1000km 2",174,2.2405492483,,9,14.4,40.3565268042,,25.8494140625,1.4124507032,172.091796875,2.2357601692,-0.82,-146.2423828125,349,,,,,,,,
"Newer","Beaulieu et al. 2013",2013,"Shepherd Creek","Continuous",2,2,"Closed","Closed",60,"Temperate","Urban",,,,"No","No","39°34'N,","84°34'W","Ohio","North America","<1 km2",0.26,-0.585026652,,2.2,11,40.8394132766,,117.1875,2.0688812894,648.53,2.8119296768,-0.74,-531.3419117647,146,,,,,,,,
"Finlay","Benke 1984, 1997, 1998; Meyer",1984,"Ogeechee River","Quarterly",1,"1","Closed","Closed",,"Tropical/Subtropical","Forest/Swamp",,,,"No","No","32°08'N","81°25'W","Florida","North America","1000-10000 km2",6860,3.8363241157,,33,19,39.7210997178,,255.00,2.4065401804,1459.25,3.164129702,-0.76,-1204.25,39,,,,,,50.0,,13.8
"Newer","Benson et al. 2014",2014,"Chena River Site 1","Seasonal (May-Sep)",1,1,"Open","Open",0,"Subpolar","Tundra",,,,"No","No","64°53.9090'N, 146°38.2710'W",,"Alaska","North America","1000-10000 km2",3000,3.4771212547,,,19,39.7210997178,,253.90625,2.4046733913,986.0294117647,2.9938898695,-0.59,-732.1231617647,93,,,,,,,,
"Newer","Benson et al. 2014",2014,"Chena River Site 3","Seasonal (May-Sep)",1,1,"Open","Open",0,"Subpolar","Tundra",,,,"No","No","64°49.052'N","147°06.273'W","Alaska","North America","1000-10000 km2",4000,3.6020599913,,,19,39.7210997178,,144.53125,2.1599617588,675.5514705882,2.8296584437,-0.67,-531.0202205882,147,,,,,,,,
"Newer","Benson et al. 2014",2014,"Chena River Site 2","Seasonal (May-Sep)",1,1,"Open","Open",0,"Subpolar","Tundra",,,,"No","No","64°52.8470'N","146°43.360'W","Alaska","North America","1000-10000 km2",3500,3.5440680444,,,19,39.7210997178,,159.375,2.2024201978,635.8455882353,2.8033516623,-0.60,-476.4705882353,171,,,,,,,,
"Newer","Benson et al. 2014",2014,"Chena River Site 4","Seasonal (May-Sep)",1,1,"Open","Open",0,"Subpolar","Tundra",,,,"No","No","64°48.253'N","147°07.901'W","Alaska","North America","1000-10000 km2",4000,3.6020599913,,,19,39.7210997178,,150,2.1760912591,593.3823529412,2.7733346264,-0.60,-443.3823529412,185,,,,,,,,
"Newer","Birkel et al.",2013,"Girnock Catchment","Continuous (modeled)",2,1,"Closed","Closed",0,"Temperate","Moorland",,,,"No","No","57.013670, -3.134222",,"Scotland","Europe","10-100 km2",31,1.4913616938,,9,7,41.4225210871,,992.3828571429,2.9966792535,1526.7428571429,3.1837658968,-0.19,-534.36,145,,,,,,,,
"Newer","Birkel et al.",2013,"Girnock Catchment","Continuous (modeled)",2,1,"Open","Closed",70,"Temperate","Forest",,,,"No","No","57.046958, -3.114869",,"Scotland","Europe","10-100 km2",25,1.3979400087,,9,7,41.4225210871,,1121.28,3.0497140758,1401.6,3.1466240888,-0.10,-280.32,274,,,,,,,,
"Finlay","Bott et al. 2006b  ",2006,"Big Springs","Quarterly",1,"2","Closed","Open",0,"Temperate","Ag",,,,"No","No","39°52'03""N","75°49'06""W","New York","North America","1-10 km2",2.38,0.3765769571,,1.63,11,40.8394132766,,179.08,2.2530425385,1682.76,3.2260214969,-0.97,-1503.6792279412,25,8.8,64,,,2600.0,12.5,,
"Finlay","Bott et al. 2006b  ",2006,"Wests","Quarterly",1,"2","Closed","Open",0,"Temperate","Ag",,,,"No","No","39°54'02""N","75°47'28""W","New York","North America","1-10 km2",1.6,0.2041199827,,1.04,11,40.8394132766,,101.52,2.0065328928,984.69,2.9933016678,-0.99,-883.1792279412,75,,68,,,2600.0,12.5,,
"Finlay","Bott et al. 2006b  ",2006,"Big Springs","Quarterly",1,"2","Closed","Closed",80,"Temperate","Ag",,,,"No","No","39°52'14""N","75°49'20""W","New York","North America","1-10 km2",2.1,0.3222192947,,3.34,11,40.8394132766,,75.85,1.8799645314,742.35,2.8706061319,-0.99,-666.4940257353,109,5.54,64,,,2600.0,12.5,,
"Finlay","Bott et al. 2006b  ",2006,"Hannums","Quarterly",1,"2","Closed","Open",0,"Temperate","Ag",,,,"No","No","39°54'03""N","75°47'22""W","New York","North America","<1 km2",0.75,-0.1249387366,,0.87,11,40.8394132766,,141.44,2.1505645713,804.34,2.905440699,-0.75,-662.9044117647,111,24.6,58,,,2600.0,12.5,,
"Finlay","Bott et al. 2006b  ",2006,"Moorheads","Quarterly",1,"2","Closed","Open",0,"Temperate","Ag",,,,"No","No","39°52'37""N","75°48'09""W","New York","North America","1-10 km2",2.17,0.3364597338,,1.15,11,40.8394132766,,362.15,2.5588866158,966.98,2.9854182182,-0.43,-604.8331801471,123,19.84,71,,,2600.0,12.5,,
"Finlay","Bott et al. 2006b  ",2006,"West Branch White","Quarterly",1,"2","Closed","Open",0,"Temperate","Ag",,,,"No","No","39°46'04""N","75°50'01""W","New York","North America","1-10 km2",1.52,0.1818435879,,1.23,11,40.8394132766,,115.20,2.0614642599,702.09,2.8463916957,-0.78,-586.8851102941,130,18.5,60,,,2600.0,12.5,,
"Finlay","Bott et al. 2006b  ",2006,"White Clay ","Quarterly",1,"2","Closed","Open",0,"Temperate","Ag",,,,"No","No","39°51'18""N","75°47'03""W","New York","North America","1-10 km2",7.62,0.8819549713,,2.94,11,40.8394132766,,229.27,2.3603389436,793.07,2.8993114413,-0.54,-563.8042279412,136,24.6,64,,,2600.0,12.5,,
"Finlay","Bott et al. 2006b  ",2006,"Moorheads","Quarterly",1,"2","Closed","Closed",80,"Temperate","Ag",,,,"No","No","39°52'51""N","75°48'19""W","New York","North America","1-10 km2",1.61,0.206825876,,2.92,11,40.8394132766,,62.16,1.7935393884,620.77,2.7929295889,-1.00,-558.6043198529,139,0.76,72,,,2600.0,12.5,,
"Finlay","Bott et al. 2006b  ",2006,"West Branch White","Quarterly",1,"2","Closed","Closed",80,"Temperate","Ag",,,,"No","No","39°46'03""N","75°50'13""W","New York","North America","1-10 km2",1.33,0.123851641,,2.77,11,40.8394132766,,33.08,1.519540884,577.29,2.7613943665,-1.24,-544.2123161765,141,1.02,59,,,2600.0,12.5,,
"Finlay","Bott et al. 2006b  ",2006,"Pocopson","Quarterly",1,"2","Closed","Open",0,"Temperate","Ag",,,,"No","No","39°54'11""N","75°38'44""W","New York","North America","10-100 km2",21,1.3222192947,,4.47,11,40.8394132766,,152.27,2.1826241518,673.10,2.8280814882,-0.65,-520.8295036765,152,12.8,60,,,2600.0,12.5,,
"Finlay","Bott et al. 2006b  ",2006,"Doe Wister","Quarterly",1,"2","Closed","Closed",80,"Temperate","Ag",,,,"No","No","39°54'09""N","75°50'51""W","New York","North America","10-100 km2",26.4,1.4216039269,,8.84,11,40.8394132766,,309.11,2.490112177,818.03,2.9127689188,-0.42,-508.9200367647,156,4.41,77,,,5500.0,5.0,,
"Finlay","Bott et al. 2006b  ",2006,"Birch Run","Quarterly",1,"2","Closed","Closed",80,"Temperate","Ag",,,,"No","No","39°55'49""N","75°52'47""W","New York","North America","1-10 km2",8.11,0.9090208542,,6.38,11,40.8394132766,,120.91,2.0824487514,624.79,2.7957369321,-0.71,-503.8878676471,161,2.05,75,,,5500.0,12.5,,
"Finlay","Bott et al. 2006b  ",2006,"Teters","Quarterly",1,"2","Closed","Open",0,"Temperate","Ag",,,,"No","No","39°52'20""N","75°47'13""W","New York","North America","1-10 km2",3,0.4771212547,,1.43,11,40.8394132766,,258.35,2.4122110925,731.88,2.864439094,-0.45,-473.5271139706,173,30.56,68,,,2600.0,12.5,,
"Finlay","Bott et al. 2006b  ",2006,"Wests","Quarterly",1,"2","Closed","Closed",80,"Temperate","Ag",,,,"No","No","39°53'54""N","75°47'32""W","New York","North America","1-10 km2",1.44,0.1583624921,,2.66,11,40.8394132766,,52.47,1.7199007178,519.32,2.7154349254,-1.00,-466.8511029412,176,0.41,68,,,2600.0,20.0,,
"Finlay","Bott et al. 2006b  ",2006,"Buck and Doe Run","Quarterly",1,"2","Closed","Open",0,"Temperate","Ag",,,,"No","No","39°55'17""N","75°47'43""W","New York","North America","100-1000km 2",121,2.0827853703,,11.9,11,40.8394132766,,401.50,2.6036855496,831.72,2.9199755323,-0.32,-430.2169117647,193,24.4,70,,,5500.0,12.5,,
"Finlay","Bott et al. 2006b  ",2006,"Birch Run","Quarterly",1,"2","Closed","Open",0,"Temperate","Ag",,,,"No","No","39°55'55""N","75°53'01""W","New York","North America","1-10 km2",7.03,0.846955325,,2,11,40.8394132766,,337.63,2.5284345972,754.42,2.8776148017,-0.35,-416.7977941176,200,36.74,76,,,5500.0,12.5,,
"Finlay","Bott et al. 2006b  ",2006,"Pocopson","Quarterly",1,"2","Closed","Closed",80,"Temperate","Ag",,,,"No","No","39°54'12""N","75°38'28""W","New York","North America","10-100 km2",21.5,1.3324384599,,8.3,11,40.8394132766,,104.94,2.0209307135,466.99,2.6693032044,-0.65,-362.0477941176,225,3.22,60,,,2600.0,12.5,,
"Finlay","Bott et al. 2006b  ",2006,"Doe Wister","Quarterly",1,"2","Closed","Open",0,"Temperate","Ag",,,,"No","No","39°54'14""N","75°51'06""W","New York","North America","10-100 km2",24.24,1.3845326155,,5.94,11,40.8394132766,,538.38,2.7310848848,877.61,2.9433017087,-0.21,-339.2352941176,239,29.18,79,,,5500.0,6.0,,
"Finlay","Bott et al. 2006b  ",2006,"Buck and Doe Run","Quarterly",1,"2","Closed","Closed",80,"Temperate","Ag",,,,"No","No","39°55'32""N","75°46'55""W","New York","North America","100-1000km 2",123.3,2.0909630766,,16.7,11,40.8394132766,,179.08,2.2530425385,515.29,2.7120551848,-0.46,-336.2159926471,241,17,69,,,5500.0,12.5,,
"Finlay","Bott et al. 2006b  ",2006,"Fishers","Quarterly",1,"2","Closed","Closed",80,"Temperate","Ag",,,,"No","No","39°55'44""N","75°51'43""W","New York","North America","10-100 km2",12.94,1.1119342763,,5.4,11,40.8394132766,,111.21,2.0461475018,445.25,2.6486003421,-0.60,-334.0353860294,243,11.28,77,,,5500.0,12.5,,
"Finlay","Bott et al. 2006b  ",2006,"Hannums","Quarterly",1,"2","Closed","Closed",80,"Temperate","Ag",,,,"No","No","39°53'57""N","75°47'16""W","New York","North America","<1 km2",0.69,-0.1611509093,,2.48,11,40.8394132766,,58.17,1.7647130622,362.32,2.5590877246,-0.79,-304.1443014706,257,5.22,58,,,2600.0,12.5,,
"Finlay","Bott et al. 2006b  ",2006,"Gramies","Quarterly",1,"2","Closed","Open",0,"Temperate","Ag",,,,"No","No","39°41'05""N","75°51'02""W","New York","North America","1-10 km2",3.54,0.549003262,,2.53,11,40.8394132766,,378.12,2.5776264189,681.15,2.8332455738,-0.26,-303.0372242647,258,26.7,51,,,2600.0,12.5,,
"Finlay","Bott et al. 2006b  ",2006,"White Clay ","Quarterly",1,"2","Closed","Closed",80,"Temperate","Ag",,,,"No","No","39°51'47""N","75°47'03""W","New York","North America","1-10 km2",6.56,0.8169038394,,4.87,11,40.8394132766,,136.30,2.1345107914,432.36,2.6358494965,-0.50,-296.0592830882,267,6.53,61,,,2600.0,12.5,,
"Finlay","Bott et al. 2006b  ",2006,"Fishers","Quarterly",1,"2","Closed","Open",0,"Temperate","Ag",,,,"No","No","39°55'40""N","75°51'35""W","New York","North America","10-100 km2",13.67,1.1357685146,,4,11,40.8394132766,,208.16,2.3184057549,447.66,2.6509500024,-0.33,-239.4977022059,303,27.85,76,,,5500.0,12.5,,
"Finlay","Bott et al. 2006b  ",2006,"Teters","Quarterly",1,"2","Closed","Closed",80,"Temperate","Ag",,,,"No","No","39°52'29""N","75°47'29""W","New York","North America","1-10 km2",1.92,0.2833012287,,2.62,11,40.8394132766,,73.57,1.8667026008,309.98,2.4913359403,-0.62,-236.4113051471,305,5.48,62,,,2600.0,12.5,,
"Finlay","Bott et al. 2006b  ",2006,"Gramies","Quarterly",1,"2","Closed","Closed",80,"Temperate","Ag",,,,"No","No","39°41'18""N","75°51'10""W","New York","North America","1-10 km2",3.14,0.4969296481,,3.97,11,40.8394132766,,131.74,2.1197248704,311.59,2.4935861758,-0.37,-179.8497242647,340,3.7,50,,,2600.0,12.5,,
"Newer","Carlson et al.",2014,"Agroforest (transition)","Seasonal (extended dep)",1,2,"Closed","Open",,"Tropical","Mixed",,,,"No","No","-1.441467, 110.421115",,"Kalimantan","Asia/Pacifica","10-100 km2",22.97,1.3611609952,,,27,38.662399742,,70.71875,1.8495345756,821.25,2.9144753826,-1.06,-750.53125,90,,,,,,,,
"Newer","Carlson et al.",2014,"Young Oil Palm","Seasonal (extended dep)",1,2,"Closed","Closed",,"Tropical","Mixed",,,,"No","No","-1.441467, 110.421115",,"Kalimantan","Asia/Pacifica","10-100 km2",26.21,1.4184670209,,,29,38.4064844698,,86.6875,1.9379564784,805.1470588235,2.9058752108,-0.97,-718.4595588235,96,,,,,,,,
"Newer","Carlson et al.",2014,"Mature Oil Palm","Seasonal (extended dep)",1,2,"Closed","Closed",,"Tropical","Mixed",,,,"No","No","-1.093843, 110.325431",,"Kalimantan","Asia/Pacifica","10-100 km2",12.83,1.1082266564,,,28,38.5340172092,,86.6875,1.9379564784,708.5294117647,2.850357883,-0.91,-621.8419117647,121,,,,,,,,
"Newer","Carlson et al.",2014,"Forest","Seasonal (extended dep)",1,1,"Closed","Closed",,"Tropical/Subtropical","Forest",,,,"No","No","-1.198613, 110.119132",,"Kalimantan","Asia/Pacifica","10-100 km2",10.65,1.0273496078,,,25,38.9217483903,,57.03125,1.7561128905,322.0588235294,2.5079352021,-0.75,-265.0275735294,286,,,,,,,,
"Finlay","Chessman 1985",1985,"La Trobe w","Quarterly",,"2","Closed","Closed",60,"Mediterranean","Forest",,,,"No","No",,,"Australia","Asia/Pacifica","100-1000km 2",325,2.511883361,,,15,40.2724944736,,26.23,1.4188707222,665.05,2.8228552581,-1.40,-638.8170955882,119,,,,,,,,
"Finlay","Chessman 1985",1985,"La Trobe h","Monthly",,"1","Open","Open",40,"Temperate","Forest",,,,"No","No",,,"Australia","Asia/Pacifica","100-1000km 2",225,2.3521825181,,,15,40.2724944736,,67.30,1.8279948978,647.34,2.8111312596,-0.98,-580.0413602941,132,,0,,,,,,
"Finlay","Chessman 1985",1985,"La Trobe a","Monthly",,"1","Closed","Closed",80,"Temperate","Forest",,,,"No","No",-37.870973,145.812993,"Australia","Asia/Pacifica","10-100 km2",12.5,1.096910013,,8.4,15,40.2724944736,,17.11,1.2332341452,478.26,2.6796616558,-1.45,-461.1479779412,179,,,,,,,,
"Finlay","Chessman 1985",1985,"La Trobe r","Quarterly",,"2","Open","Closed",0,"Mediterranean","Grassland",,,,"No","No",,,"Australia","Asia/Pacifica","1000-10000 km2",4140,3.6170003411,,24,15,40.2724944736,,84.41,1.9263746059,450.88,2.6540632378,-0.73,-366.4761029412,223,,,,,,,,
"Finlay","Chessman 1985",1985,"La Trobe M","Quarterly",,"2","Open","Closed",0,"Mediterranean","Grassland",,,,"No","No",,,"Australia","Asia/Pacifica","1000-10000 km2",2500,3.3979400087,,27,15,40.2724944736,,216.72,2.3358964871,302.74,2.4810630557,-0.15,-86.0165441176,378,,,,,,,,
"Newer","Clapcott",2016,"Waitangi","Monthly (extended)",9,"2","Open","Closed",64,"Temperate","Ag",0,96.7,3.2,"No","No",,,"Auckland, NZ","Asia/Pacifica",,17.7,1.2479732664,0.036,,15.7,,,1257.88,3.0996396436,4046.025,3.6070285619,,-2788.14375,9,,,,,,,,
"Newer","Clapcott",2016,"Kumeu","Monthly (extended)",9,"2","Open","Open",6,"Temperate","Ag",1.9,76.1,21.8,"No","No",,,"Auckland, NZ","Asia/Pacifica",,45.77,1.6605809124,0.02,,14.81,,,1077.21,3.0322988645,3562.85625,3.5517983003,,-2485.65,11,,,,,,,,
"Newer","Clapcott",2016,"Vaughan","Monthly (extended)",9,"2","Open","Open",20,"Temperate","Ag",3.6,45.9,50.5,"No","No",,,"Auckland, NZ","Asia/Pacifica",,4.14,0.6170003411,0.001,,15.21,,,459.90,2.6626634096,2229.69375,3.3482452165,,-1769.79375,17,,,,,,,,
"Newer","Clapcott",2016,"Ararimu","Monthly (extended)",9,"2","Open","Closed",80,"Temperate","Ag",0,41.6,58,"No","No",,,"Auckland, NZ","Asia/Pacifica",,70.68,1.8492965408,0.055,,14.75,,,354.51,2.5496238963,1682.19375,3.2258760151,,-1327.6875,32,,,,,,,,
"Newer","Clapcott",2016,"Kaipara","Monthly (extended)",9,"2","Open","Closed",68,"Temperate","Ag",1.5,61.4,36.9,"No","No",,,"Auckland, NZ","Asia/Pacifica",,156.21,2.1937088324,0.124,,15.06,,,294.28,2.4687625921,1491.9375,3.1737506301,,-1197.65625,40,,,,,,,,
"Newer","Clapcott",2016,"Kaukapakapa","Monthly (extended)",9,"2","Open","Closed",74,"Temperate","Ag",0,76.1,23.5,"No","No",,,"Auckland, NZ","Asia/Pacifica",,61.63,1.7897921677,0.015,,14.75,,,396.94,2.5987221301,1520.68125,3.1820381911,,-1123.74375,45,,,,,,,,
"Newer","Clapcott",2016,"Rangitopuni","Monthly (extended)",9,"2","Open","Closed",72,"Temperate","Ag",0.5,64.5,34.2,"No","No",,,"Auckland, NZ","Asia/Pacifica",,83.69,1.9226735679,0.016,,14.69,,,95.81,1.9814221722,992.34375,2.9966621388,,-896.53125,69,,,,,,,,
"Newer","Clapcott",2016,"Ngakaroa","Monthly (extended)",9,"2","Open","Open",40,"Temperate","Ag",0,93.8,5.1,"No","No",,,"Auckland, NZ","Asia/Pacifica",,4.71,0.6730209071,0.007,,14.52,,,385.99,2.5865732405,1178.49375,3.0713272836,,-792.50625,83,,,,,,,,
"Newer","Clapcott",2016,"Wairoa","Monthly (extended)",9,"2","Open","Open",36,"Temperate","Ag",0,62.6,37.3,"No","No",,,"Auckland, NZ","Asia/Pacifica",,114.42,2.0585019434,0.365,,14.88,,,369.56,2.5676878963,822.61875,2.9151986042,,-453.05625,181,,,,,,,,
"Newer","Clapcott",2016,"West Hoe","Monthly (extended)",9,"1","Closed","Closed",94,"Temperate","Forest",0,0.1,99.9,"No","No",,,"Auckland, NZ","Asia/Pacifica",,0.54,-0.2676062402,0.002,,13.27,,,6.84,0.8352941365,243.6375,2.3867441345,,-236.79375,304,,,,,,,,
"Newer","Clapcott",2016,"Puhinui","Monthly (extended)",9,"2","Open","Open",0,"Temperate","Urban",44.2,43.3,12.4,"No","No",,,"Auckland, NZ","Asia/Pacifica",,10.43,1.0182843084,0.014,,16.79,,,1720.52,3.2356594099,1931.30625,3.2858511459,,-210.7875,321,,,,,,,,
"Newer","Clapcott",2016,"Mahurangi","Monthly (extended)",9,"2","Open","Closed",74,"Temperate","Ag",0.6,44.1,55.3,"No","No",,,"Auckland, NZ","Asia/Pacifica",,46.5,1.6674529529,0.075,,15.55,,,294.28,2.4687625921,494.11875,2.6938313341,,-199.8375,330,,,,,,,,
"Newer","Clapcott",2016,"Hoteo","Monthly (extended)",9,"2","Open","Open",54,"Temperate","Ag",0.3,53.4,45.9,"No","No",,,"Auckland, NZ","Asia/Pacifica",,268.32,2.4286530453,0.379,,15.71,,,517.39,2.713815932,607.725,2.7837071023,,-90.3375,375,,,,,,,,
"Newer","Cohen Unpub","unpublished","Ichetucknee River","Continuous",1,2,"Closed","Closed",,"Tropical","Ag",,,,"No","No","-1.441467, 110.421115",,"Florida","North America","1000-10000 km2",1215.3559364178,3.0847034866,,30,20.7,39.4913026461,,1252.41,3.0977452263,1755.22,3.2443317044,-0.15,-502.8143382353,162,,,,,,,,
"Finlay","Colangelo et al. 2007",2007,"Kissemmee R","Continuous",2,"2","Closed","Open",0,"Subtropical","Ag",,,,"No","No",27.46324,-81.169349,"Florida","North America","1000-10000 km2",1963,3.2929202996,,22,25,38.9217483903,,451.00,2.6541765419,1520.00,3.1818435879,-0.53,-1069,50,,,,,,20.0,50.0,20.7
"Newer","Cronin et al. 2007",2007,"South Platte","Weekly",3,2,"Open","Closed",0,"Semi-Arid","Mixed",,,,"No","No","40.165831, -104.840431",,"Colorado","North America","10,000-100,000 km2",13000,4.1139433523,,40,13,40.5539726806,,131.4,2.1185953652,788.4,2.8967466156,-0.78,-657,113,,,,,,,,
"Newer","Dawson and Hope",2001,"Brocky Burn","Quarterly",2,1,"Open","Open",10,"Temperate","Moorland",,,,"No","No","56.937701, -2.634039",,"Scotland","Europe","1-10 km2",1.3,0.1139433523,,,7.5,41.348723615,,259.15,2.4135512132,963.6,2.9838967913,-0.57,-704.45,98,,,,,,,,
"Newer","Dawson and Hope",2001,"Water of Dye","Quarterly",2,1,"Open","Open",10,"Temperate","Moorland",,,,"No","No","56.939562, -2.627462",,"Scotland","Europe","10-100 km2",41.4,1.6170003411,,,8,41.2751886273,,332.15,2.5213342568,985.5,2.9936566286,-0.47,-653.35,115,,,,,,,,
"Newer","Dodds",2013,"Mississippi River","Continuous",2,2,"Closed","Closed",,"Temperate","Mixed",,,,"No","No","30*26'44.4","91*11'29.6""","Mississippi","North America","10000+ km2",2900000,6.4623979979,17866,820,17.8,,,70,1.84509804,305,2.4842998393,-0.64,-235,306,,,,,,,,
"Newer","Dodds",2013,"Chattahoochee","Continuous",2,2,"Closed","Closed",,"Temperate","Mixed",,,,"No","No","33*39'24""","–84*40'25""","Tennessee","North America","1000-10000 km2",5335,3.7271344238,100,120,,,,111,2.0453229788,225,2.3521825181,-0.31,-114,364,,,,,,,,
"Finlay","Duffer 1966",1966,"Blue River 1","Semi-annual",1,"1","Closed","Closed",,"Temperate","Forest",,,,"No","No",34.413539,-96.604545,"Oklahoma","North America","100-1000km 2",280,2.4471580313,,15.8,17,39.9948967174,,781.25,2.8927900304,1764.71,3.2466723333,-0.35,-983.4558823529,61,,,,,,,,
"Finlay","Duffer 1966",1966,"Blue River 1","Semi-annual",1,"1","Closed","Closed",,"Temperate","Forest",,,,"No","No",34.245202,-96.543831,"Oklahoma","North America","100-1000km 2",527.8,2.7224693859,,18.2,17,39.9948967174,,343.75,2.5362427068,1235.29,3.0917703734,-0.56,-891.5441176471,73,,,,,,,,
"Finlay","Duffer 1966",1966,"Blue River 1","Semi-annual",1,"1","Closed","Closed",,"Temperate","Forest",,,,"No","No","34.395130,",-96.608202,"Oklahoma","North America","100-1000km 2",300,2.4771212547,,10.8,17,39.9948967174,,2437.50,3.3869446244,2029.41,3.3073701737,0.08,408.0882352941,425,,,,,,,,
"Finlay","Elosegui 1998",1998,"site 5","Quarterly",1,2,"Open","Open",8.5,"Mediterrean","Mixed",,,,"No","No",43.318437,-3.278812,,"North America","10-100 km2",80,1.903089987,,8.2,12.1,40.6819256181,,520.47,2.7163933549,871.17,2.9401024716,-0.22,-350.7019301471,231,,,,120.0,880.0,103.0,1000.0,
"Finlay","Elosegui 1998",1998,"site 7","Quarterly",1,2,"Closed","Open",31,"Mediterrean","Mixed",,,,"No","No",43.279554,-3.25975,,"North America","100-1000km 2",100,2,,13.5,12.7,40.5965341352,,573.39,2.7584517714,500.64,2.6995259285,0.06,72.7517463235,419,,,,730.0,30.0,22.0,760.0,
"Finlay","Entrekin et al. 2007; Hollerin et al. 2007",2007,"State Cr","Quarterly",1,"1","Closed","Closed",,"Temperate","Forest",,,,"No","No",46.414676,-88.908014,"Michigan","North America","10-100 km2",24,1.3802112417,0.067,1.5,6.2,41.5411465279,,102.66,2.0113853956,1223.82,3.0877187988,-1.08,-1121.1672794118,47,,0,134.0,4.0,150.0,4.8,154.0,
"Finlay","Entrekin et al. 2007; Hollerin et al. 2007",2007,"Shane Cr","Quarterly",1,"1","Closed","Closed",,"Temperate","Forest",,,,"No","No",46.477248,-88.905766,"Michigan","North America","10-100 km2",45.5,1.6580113967,0.041,1.5,6.7,41.4669261481,,11.41,1.0571428861,692.43,2.840373662,-1.78,-681.0202205882,105,,0,195.5,8.3,170.0,7.1,178.3,
"Finlay","Entrekin et al. 2007; Hollerin et al. 2007",2007,"Walton Cr","Quarterly",1,"1","Closed","Closed",,"Temperate","Forest",,,,"No","No",46.439915,-88.896458,"Michigan","North America","10-100 km2",36,1.5563025008,0.046,1.5,6.4,41.511426516,,68.44,1.8352941365,708.53,2.850357883,-1.02,-640.0919117647,118,,0,190.9,5.9,87.8,4.1,93.7,
"Newer","Escofier",2017,"Seine","Continuous",1,2,"Closed","Open",,"temperate","Urban",,,,"No","No",,,"France","Europe","10,000-100,000 km2",78000,4.8920946027,,,,,,399,2.6009728957,663,2.8215135284,-0.22,-264,288,,,,,,,,
"Finlay","Fellows et al. 2006; Stone 1998; Mullholland 1977",2006,"Hugh White Cr.","Quarterly",1,"1","Closed","Closed",,"Temperate","Forest",,,,"No","No",35.055097,-83.427578,"North Carolina","North America","<1 km2",0.61,-0.214670165,,,12,40.6961924691,820,2.90,0.4623979979,112.00,2.0492180227,-1.59,-109.1,366,0.7,0,341.4,4.0,7.0,2.0,11.0,
"Finlay","Fisher 1977",1977,"Fort River  ","Monthly",2,"2","Closed","Closed",80,"Temperate","Forest",,,,"No","No",42.359093,-72.513491,"Massachusetts  ","North America","100-1000km 2",104,2.0170333393,,14,14,40.4127434531,,203.03,2.3075628884,587.76,2.7691980709,-0.46,-384.7261029412,214,,,,,150.0,25.0,150.0,
"Finlay","Fisher and Likens 1973; Findlay et al. 1997",1973,"Bear Brook","chambers?",2,"1","Closed","Closed",,"Temperate","Forest",,,,"No","No",43.945673,-71.721825,"New Hampshire","North America","1-10 km2",1.32,0.1205739312,,,7,41.4225210871,,1.75,0.2430380487,52.00,1.7160033436,-1.47,-50.25,395,2.2,0,1200.0,23.3,384.0,2.0,407.3,2
"Newer","Gawne et al",2007,"Murray River (Albury)","Seasonal",1,2,"Open","Open",,"Arid","Grassland",,,,"No","Yes","-36.073593, 146.872960",,"Australia","Asia/Pacifica","10,000-100,000 km2",17350,4.2392994791,,,15,40.2724944736,,221,2.3443922737,287,2.4578818967,-0.11,-66,388,,,,,,,,
"Newer","Gawne et al",2007,"Murray River (Barmah)","Seasonal",1,1,"Open","Closed",,"Arid","Grassland",,,,"No","Yes","-36.060747, 144.904206",,"Australia","Asia/Pacifica","10,000-100,000 km2",25200,4.4014005408,,,16.5,40.0639367601,,376,2.5751878449,427,2.630427875,-0.06,-51,394,,,,,,,,
"Newer","Gawne et al",2007,"Murray River (Hattah)","Seasonal",1,1,"Open","Closed",,"Arid","Grassland",,,,"No","Yes","-34.702433, 142.500025",,"Australia","Asia/Pacifica","10000+ km2",275150,5.4395695171,,,18.5,39.7891969229,,315,2.4983105538,315,2.4983105538,0.00,0,413,,,,,,,,
"Newer","Genzoli",2016,"Klamath (Turwar)","Continuous",1,2,"Open","Open",0,"Mediterranean","Scrub",,,,"No","No",,,"California","North America","10,000-100,000 km2",40600,4.6085260336,72,85,,,,284.53125,2.4541299718,401.6911764706,2.6038922921,-0.15,-117.1599264706,362,,,,,,,,
"Newer","Genzoli",2016,"Klamath (Weichpeck)","Continuous",1,2,"Open","Open",0,"Mediterranean","Scrub",,,,"No","No",,,"California","North America","10,000-100,000 km2",32200,4.5078558717,44,51,,,,455.3125,2.6583095735,482.2058823529,2.683232504,-0.02,-26.8933823529,404,,,,,,,,
"Newer","Genzoli",2016,"Klamath (Seiad)","Continuous",1,2,"Open","Open",0,"Mediterranean","Scrub",,,,"No","No",,,"California","North America","10,000-100,000 km2",27600,4.4409090821,33,52,,,,626.25,2.7967477389,602.8676470588,2.780221978,0.02,23.3823529412,416,,,,,,,,
"Newer","Griffiths et al 2013",2013,"Shatto Creek","Continuous",1,2,"Closed","Open",0,"Temperate","Mixed",,,,"No","No","41°13'18""N","86°02'44""W","Indiana","North America","10-100 km2",10.36,1.0153597554,,,13,40.5539726806,,496.5625,2.6959739189,1638.0882352941,3.2143372912,-0.52,-1141.5257352941,44,,,,,,,,
"Finlay","Gucker 2006",2006,"Erpe","Quarterly",1,"2","Closed","Open",,"Temperate","Ag",,,,"Yes","No","52°29'14""N","13°38’42""E","Germany, near Berlin","Europe","10-100 km2",10.343808,1.0146804506,,4,13.5,40.4832348947,,3140.14,3.4969490975,9532.94,3.9792269132,-0.48,-6392.8005514706,1,,80,,130.0,6500.0,210.0,6630.0,9.4
"Finlay","Gucker 2006",2006,"Demnitzer Mill Brook","Quarterly",1,"2","Closed","Open",,"Temperate","Ag",,,,"Yes","No","52°25’14""N","14°14’7""E","Germany, near Berlin","Europe","1-10 km2",1.450656,0.1615644386,,3,16,40.1332155717,,296.56,2.4721162341,5652.13,3.7522123229,-1.28,-5355.5698529412,5,,75,,160.0,10500.0,100.0,10660.0,7
"Finlay","Gucker 2006",2006,"Demnitzer Mill Brook","Quarterly",1,"2","Closed","Open",,"Temperate","Ag",,,,"No","No","52°25’14""N","14°14’7""E","Germany, near Berlin","Europe","1-10 km2",1.450656,0.1615644386,,1,16,40.1332155717,,426.59,2.6300144883,3913.01,3.5925114801,-0.96,-3486.4209558824,8,,75,,120.0,9200.0,90.0,9320.0,6.7
"Finlay","Gucker 2006",2006,"Erpe","Quarterly",1,"2","Closed","Open",,"Temperate","Ag",,,,"No","No","52°29'14""N","13°38’42""E","Germany, near Berlin","Europe","10-100 km2",10.343808,1.0146804506,,1,13.5,40.4832348947,,996.91,2.9986543188,1996.76,3.3003268916,-0.30,-999.8584558824,57,,80,,60.0,1700.0,20.0,1760.0,6.2
"Newer","Gutierrez-Canovas et al. 2009",2009,"Rambla Salada","Quarterly",2,"2","Closed","Closed",,"Mediterrean","Mixed",,,,"No","No","38.124822, -1.119770",,"Spain","Europe","10-100 km2",44.7,1.6503075231,,19.56,15,40.2724944736,,733.421875,2.8653538591,629.625,2.7990819639,0.07,103.796875,423,,,,,,,,
"Newer","Halbedel et al.",2015,"Zillierbach","Quarterly",1,1,"Closed","Closed",100,"Alpine/Sub-boreal","Forest",,,,"No","No","51.807508, 10.768640",,"Germany","Europe","<1 km2",0.1450656,-0.8384355614,,1,8.6333333333,41.1824189361,,35.15625,1.5460025441,734.5588235294,2.8660265799,-1.32,-699.4025735294,100,,,,,,,,
"Newer","Halbedel et al.",2015,"Hassel","Quarterly",1,2,"Open","Open",0,"Temperate/Alpine","Ag",,,,"No","No","51.680628, 10.875390",,"Germany","Europe","<1 km2",0.189216,-0.7230421427,,1,11.3333333333,40.7915611315,,135,2.1303337685,734.5588235294,2.8660265799,-0.74,-599.5588235294,125,,,,,,,,
"Newer","Halbedel et al.",2015,"Ochsenbach","Quarterly",1,1,"Closed","Closed",100,"Alpine/Sub-boreal","Forest",,,,"No","No","51.734081, 10.680254",,"Germany","Europe","<1 km2",0.2081376,-0.6816494575,,1,9.2,41.0997672483,,23.90625,1.3785114568,563.8235294118,2.7511431958,-1.37,-539.9172794118,144,,,,,,,,
"Newer","Halbedel et al.",2015,"Rappbode","Quarterly",1,2,"Open","Open",0,"Temperate/Alpine","Ag",,,,"No","No","51.663102, 10.756129",,"Germany","Europe","1-10 km2",1.89216,0.2769578573,,2,12,40.6961924691,,123.75,2.0925452076,496.3235294118,2.6957648645,-0.60,-372.5735294118,217,,,,,,,,
"Finlay","Hall 1972",1972,"New Hope Creek NC","Quarterly",1,"1","Closed","Closed",,"Temperate","Forest",,,,"No","No","35.992874,",-79.034422,"North Carolina","North America","10-100 km2",85,1.9294189257,,,16,40.1332155717,,90.63,1.9572480196,209.63,2.3214595276,-0.36,-119.0079411765,361,,,,,,,,
"Newer","Hart 2013",2013,"Ray Branch","Continuous",1,1,"Closed","Closed",82,"Temperate","Forest",,,,"No","No","35.203330, -83.535851",,"North Carolina","North America","10-100 km2",14.38,1.157758886,,4.8,15,40.2724944736,,70,1.84509804,555.4411764706,2.7446380721,-0.90,-485.4411764706,170,,5.3,,,,,,
"Newer","Hart 2013",2013,"Caler Main","Continuous",1,1,"Closed","Closed",72,"Temperate","Forest",,,,"No","No","35.268722, -83.381330",,"North Carolina","North America","10-100 km2",18.67,1.2711443179,,4.3,15,40.2724944736,,111.875,2.0487330483,547.9411764706,2.7387339379,-0.69,-436.0661764706,188,,17.1,,,,,,
"Newer","Hart 2013",2013,"Crawford Branch","Continuous",1,2,"Closed","Closed",68,"Temperate","Mixed",,,,"No","No","35.192366, -83.394384",,"North Carolina","North America","1-10 km2",5.27,0.7218106152,,2.4,15,40.2724944736,,117.8125,2.0711913719,516.1764705882,2.7127982038,-0.64,-398.3639705882,206,,70.3,,,,,,
"Newer","Hart 2013",2013,"Skeenah Creek","Continuous",1,2,"Closed","Closed",57,"Temperate","Mixed",,,,"No","No","35.109082, -83.415069",,"North Carolina","North America","1-10 km2",6.02,0.7795964913,,3,15,40.2724944736,,166.25,2.220761654,498.0882352941,2.6973062839,-0.48,-331.8382352941,244,,14.7,,,,,,
"Newer","Hart 2013",2013,"Jones Creek","Continuous",1,1,"Closed","Closed",73,"Temperate","Forest",,,,"No","No","35.058176, -83.430684",,"North Carolina","North America","10-100 km2",15.31,1.1849751907,,7.3,15,40.2724944736,,101.875,2.0080676217,377.2058823529,2.5765784567,-0.57,-275.3308823529,276,,7.7,,,,,,
"Newer","Hart 2013",2013,"Ball Creek","Continuous",1,1,"Closed","Closed",100,"Temperate","Forest",,,,"No","No","35.058176, -83.430684",,"North Carolina","North America","1-10 km2",7.16,0.8549130223,,4.6,15,40.2724944736,,33.4375,1.5242337994,300.4411764706,2.4777594539,-0.95,-267.0036764706,283,,2.6,,,,,,
"Newer","Hart 2013",2013,"Cowee Creek","Continuous",1,1,"Closed","Closed",64,"Temperate","Forest",,,,"No","No","35.269440, -83.390889",,"North Carolina","North America","10-100 km2",29.13,1.4643404846,,5.5,15,40.2724944736,,92.5,1.9661417327,348.5294117647,2.5422394333,-0.58,-256.0294117647,293,,8.1,,,,,,
"Newer","Hart 2013",2013,"Watauga Creek","Continuous",1,2,"Closed","Closed",69,"Temperate","Mixed",,,,"No","No","35.226832, -83.355613",,"North Carolina","North America","10-100 km2",16.7,1.2227164711,,4,15,40.2724944736,,78.75,1.8962505625,306.6176470588,2.4865971466,-0.59,-227.8676470588,312,,26.6,,,,,,
"Newer","Hart 2013",2013,"Bates Creek","Continuous",1,2,"Closed","Closed",70,"Temperate","Mixed",,,,"No","No","35.098883, -83.387816",,"North Carolina","North America","1-10 km2",2.18,0.3384564936,,2.9,15,40.2724944736,,39.6875,1.5986537426,94.4117647059,1.9750261154,-0.38,-54.7242647059,392,,37.4,,,,,,
"Newer","Hood et al. 2018 (watershed data from Nelson et al. 2017)",2018,"OH2 (Reference)","Continuous",2,1,"Open","Open",,"Sub-arctic","Grassland",,,,"No","No",,,"Iceland","Europe","<1 km2",0.5,-0.3010299957,,,5,,,219,2.3404441148,693.5,2.8410464654,,-474.5,172,,,,,,,,
"Finlay","Houser et al. 2005",2005,"KM2  ","Quarterly (Extended deployment)",1,"1","Closed","Closed",70,"Temperate","Forest",,,,"No","No","32.512117,",-84.66,"Georgia","North America","1-10 km2",2.31,0.3636119799,,1.6,16.6,40.0501096896,"o2",18.49,1.2669915599,930.37,2.9686571521,-1.70,-911.880788277,67,,1.8,,3.8,10.4,6.2,14.2,3.9
"Finlay","Houser et al. 2005",2005,"BC2  ","Quarterly (Extended deployment)",1,"1","Closed","Closed",70,"Temperate","Forest",,,,"No","No","32.416537,",-84.760571,"Georgia","North America","<1 km2",0.749,-0.1255181823,,1,15.925,40.1436280638,,29.57,1.4709076578,683.20,2.8345492825,-1.36,-653.6284055668,114,,3.2,,21.6,8.6,5.1,31.3,2.6
"Finlay","Houser et al. 2005",2005,"LC  ","Quarterly (Extended deployment)",1,"1","Closed","Closed",70,"Temperate","Forest",,,,"No","No","32.502508,",-84.715391,"Georgia","North America","1-10 km2",3.32,0.5211380837,,1.9,17.675,39.9020692257,,19.15,1.2822469475,659.93,2.8194980764,-1.54,-640.7768640991,117,,3.7,,8.9,11.5,5.1,21.8,3.2
"Finlay","Houser et al. 2005",2005,"BC1  ","Quarterly (Extended deployment)",1,"1","Closed","Closed",70,"Temperate","Forest",,,,"No","No","32.411637,",-84.757277,"Georgia","North America","1-10 km2",2.1,0.3222192947,,1.3,15,40.2724944736,,21.11,1.3244572046,542.73,2.7345875335,-1.41,-521.6261384775,150,,10.5,,4.5,6.5,4.3,11.0,1.5
"Finlay","Houser et al. 2005",2005,"KM1  ","Quarterly (Extended deployment)",1,"1","Closed","Closed",70,"Temperate","Forest",,,,"No","No","32.513872,",-84.650105,"Georgia","North America","1-10 km2",3.69,0.5670263662,,1.9,16.4,40.0777733813,,39.10,1.5922010885,540.13,2.7324950222,-1.14,-501.0237333111,164,,4.6,,0.1,21.7,4.6,16.1,1.9
"Finlay","Houser et al. 2005",2005,"SB2  ","Quarterly (Extended deployment)",1,"1","Closed","Closed",70,"Temperate","Forest",,,,"No","No","32.377249,",-84.691754,"Georgia","North America","1-10 km2",1.23,0.0899051114,,1.5,16,40.1332155717,,42.95,1.6329707956,516.18,2.7127996138,-1.08,-473.2273921028,174,,8.1,,37.9,7.6,2.5,47.9,1.8
"Finlay","Houser et al. 2005",2005,"LPK  ","Quarterly (Extended deployment)",11,"1","Closed","Closed",70,"Temperate","Forest",,,,"No","No","32.378258,",-84.665925,"Georgia","North America","<1 km2",0.331,-0.4801720062,,0.8,17.225,39.963906268,,14.44,1.1596157158,418.80,2.6220109601,-1.46,-404.3625207079,204,,11.3,,54.9,17.2,3.2,67.8,1.7
"Finlay","Houser et al. 2005",2005,"SB4  ","Quarterly (Extended deployment)",1,"1","Closed","Closed",70,"Temperate","Forest",,,,"No","No","32.376252,",-84.702107,"Georgia","North America","1-10 km2",1,0,,1.3,16.55,40.0570220316,,24.16,1.3830413465,384.59,2.5849936732,-1.20,-360.4292713247,226,,13.7,,21.9,28.4,2.6,50.3,1.6
"Finlay","Houser et al. 2005",2005,"HB  ","Quarterly (Extended deployment)",1,"1","Closed","Closed",70,"Temperate","Forest",,,,"No","No",32.361192,-84.685445,"Georgia","North America","1-10 km2",2.15,0.3324384599,,1.7,15.975,40.1366858022,,13.79,1.1394818907,285.68,2.455880004,-1.32,-271.8927250983,281,,6.6,,56.5,12.0,4.0,68.3,3.1
"Finlay","Houser et al. 2005",2005,"SB3  ","Quarterly (Extended deployment)",1,"1","Closed","Closed",70,"Temperate","Forest",,,,"No","No","32.377820,",-84.696732,"Georgia","North America","<1 km2",0.717,-0.1444808443,,1,15.725,40.1714211426,,4.14,0.6170272422,267.63,2.4275304763,-1.81,-263.4870827851,289,,10.5,,15.4,8.2,1.9,23.6,2.4
"Newer","Houser et al. 2015",2015,"Mississippi River","Seasonal",2,2,"Closed","Closed",,"Temperate","Grassland",,,,"No","No","43.723065, -91.256603",,"Minnesota","North America","10000+ km2",167800,5.2247919565,,,12,40.6961924691,,875.2808503284,2.9421474269,1146.631829365,3.0594239932,-0.12,-271.3509790366,282,,,,,,,,
"Newer","Huryn et al. 2014",2014,"Ivishak Spring Creek","Monthly",2,1,"Open","Open",30,"Subpolar","Tundra",,,,"No","No","69.025464, -147.720297",,"Alaska","North America","10-100 km2",24.5079771429,1.3893074666,,2,5.8,41.6007144024,,476.5,2.678062905,904,2.9561684305,-0.28,-427.5,195,,0,,,,,,
"Finlay","Huryn et al.1996, 1998",1996,"Sutton Stream","Monthly",2,"1","Open","Open",0,"Temperate","Grassland",,,,"No","No","-45.601516, 170.049633",,"New Zealand","Asia/Pacifica","1-10 km2",8.84,0.946452265,,2.7,5.6,41.6305624486,600,95.00,1.9777236053,739.13,2.868717892,-0.89,-644.125,116,,,,,7.0,6.0,7.0,
"Finlay","Izagirre et al. 2008",2008,"Altzola  ","Continuous",1,"2","Closed","Open",12.3,"Mediterrean","Urban",,,,"Yes","No","43.236027, -2.400784",,"Spain","Europe","100-1000km 2",462.54,2.6651492961,,31.1,15.5,40.2027343931,,730.00,2.8633228601,6859.85,3.8363148056,-0.97,-6129.8529411765,2,,,,,,183.0,1743.0,
"Finlay","Izagirre et al. 2008",2008,"Berastegi  ","Continuous",1,"2","Closed","Open",14.5,"Mediterrean","Ag",,,,"Yes","No","43.123385, -1.981705",,"Spain","Europe","10-100 km2",28.66,1.4572761861,,12.2,15.2,40.2445614099,,501.88,2.7005955626,5941.99,3.7739315726,-1.07,-5440.1102941177,3,,,,,,70.0,1319.0,
"Finlay","Izagirre et al. 2008",2008,"Leitzaran  ","Continuous",1,"2","Closed","Open",19.6,"Mediterrean","Ag",,,,"Yes","No","43.202741, -2.012524",,"Spain","Europe","100-1000km 2",114.49,2.0587675554,,22.2,13.7,40.4550088289,,878.28,2.9436336113,3494.34,3.5433649403,-0.60,-2616.0569852941,10,,,,,,45.0,1071.0,
"Finlay","Izagirre et al. 2008",2008,"Oleta  ","Continuous",1,"2","Closed","Open",48,"Mediterrean","Mixed",,,,"Yes","No","43.342975, -2.506248",,"Spain","Europe","10-100 km2",67.42,1.8287887482,,14.4,15.2,40.2445614099,,376.41,2.575656826,2753.60,3.4399013169,-0.86,-2377.1966911765,13,,,,,,22.0,906.0,
"Finlay","Izagirre et al. 2008",2008,"On˜ ati  ","Continuous",1,"2","Closed","Open",35,"Mediterrean","Mixed",,,,"Yes","No","43.053475, -2.432426",,"Spain","Europe","10-100 km2",99.29,1.9969055107,,14.5,11,40.8394132766,,467.66,2.6699267429,2705.29,3.4322144882,-0.76,-2237.6378676471,14,,,,,,38.0,1187.0,
"Finlay","Izagirre et al. 2008",2008,"Elorrio  ","Continuous",1,"2","Closed","Open",39,"Mediterrean","Urban",,,,"Yes","No","43.131294, -2.554685",,"Spain","Europe","10-100 km2",29.36,1.4677560512,,8.8,17.6,39.9123621068,,467.66,2.6699267429,2479.85,3.3944259273,-0.72,-2012.1966911765,15,,,,,,139.0,948.0,
"Finlay","Izagirre et al. 2008",2008,"Estanda  ","Continuous",1,"2","Closed","Open",22,"Mediterrean","Urban",,,,"Yes","No","43.049921, -2.230127",,"Spain","Europe","10-100 km2",54.69,1.7379079234,,24,14.9,40.2864755513,,467.66,2.6699267429,2431.54,3.3858821538,-0.72,-1963.8878676471,16,,,,,,83.0,1968.0,
"Finlay","Izagirre et al. 2008",2008,"Balmaseda  ","Continuous",1,"2","Closed","Open",21,"Mediterrean","Forest",,,,"Yes","No","43.075046, ",-3.352905,"Spain","Europe","100-1000km 2",195.76,2.2917239563,,23.9,15.1,40.2585230965,,707.19,2.8495345756,2447.65,3.3887487944,-0.54,-1740.4595588235,19,,,,,,15.0,1409.0,
"Finlay","Izagirre et al. 2008",2008,"Aizarnazabal  ","Continuous",1,"2","Closed","Closed",51,"Mediterrean","Urban",,,,"Yes","No","43.253699, -2.243372",,"Spain","Europe","100-1000km 2",268.96,2.4296876961,,22.7,15.3,40.2306094039,,1254.69,3.0985355713,2769.71,3.4424336534,-0.34,-1515.018382353,23,,,,,,147.0,2020.0,
"Finlay","Izagirre et al. 2008",2008,"Alegia  ","Continuous",1,"2","Closed","Open",15,"Mediterrean","Mixed",,,,"Yes","No","43.099989, -2.098463",,"Spain","Europe","100-1000km 2",329.74,2.5181716336,,36.2,15.1,40.2585230965,,501.88,2.7005955626,2012.87,3.3038152195,-0.60,-1510.9926470588,24,,,,,,129.0,1647.0,
"Finlay","Izagirre et al. 2008",2008,"Lasarte  ","Continuous",1,"2","Closed","Open",1.1,"Mediterrean","Mixed",,,,"Yes","No","43.268056, -2.023022",,"Spain","Europe","100-1000km 2",786.77,2.8958477917,,46.4,16,40.1332155717,,718.59,2.8564834356,2173.90,3.337238975,-0.48,-1455.3033088235,27,,,,,,76.0,1416.0,
"Finlay","Izagirre et al. 2008",2008,"Herrerias  ","Continuous",1,"2","Closed","Open",3.4,"Mediterrean","Forest",,,,"Yes","No","43.177361, -3.082457",,"Spain","Europe","100-1000km 2",254.36,2.4054488163,,26.6,13,40.5539726806,,353.59,2.54850458,1706.91,3.2322110717,-0.68,-1353.3180147059,31,,,,,,38.0,989.0,
"Finlay","Izagirre et al. 2008",2008,"Gardea  ","Continuous",1,"2","Closed","Open",0,"Mediterrean","Mixed",,,,"Yes","No","43.133700, -2.970765",,"Spain","Europe","100-1000km 2",329.74,2.5181716336,,19,16.9,40.0086856837,,752.81,2.8766868217,2012.87,3.3038152195,-0.43,-1260.0551470588,35,,,,,,115.0,1581.0,
"Finlay","Izagirre et al. 2008",2008,"Amorebieta  ","Continuous",1,"2","Closed","Open",0,"Mediterrean","Urban",,,,"Yes","No","43.219004, -2.735020",,"Spain","Europe","100-1000km 2",237.18,2.3750780647,,23.3,15.4,40.2166670683,,319.38,2.5043009175,1578.09,3.1981312822,-0.69,-1258.7132352941,36,,,,,,89.0,1544.0,
"Finlay","Izagirre et al. 2008",2008,"Erenozu","Continuous",1,"1","Closed","Open",18.2,"Temperate","Forest",,,,"Yes","No","43.237073, -1.934826",,"Spain","Europe","100-1000km 2",215.5,2.3334472745,,15.8,13.5,40.4832348947,,444.84,2.6482074932,1481.47,3.1706930338,-0.52,-1036.6268382353,52,,,,,,39.0,846.0,
"Finlay","Izagirre et al. 2008",2008,"Aitzu  ","Continuous",1,"2","Closed","Open",20,"Mediterrean","Urban",,,,"Yes","No","43.131955, -2.351250",,"Spain","Europe","10-100 km2",59.73,1.7761925147,,12.9,13.8,40.4409105508,,399.22,2.6012109305,1417.06,3.1513878786,-0.55,-1017.8400735294,55,,,,,,686.0,3221.0,
"Finlay","Izagirre et al. 2008",2008,"Berriatua  ","Continuous",1,"2","Closed","Open",31.7,"Mediterrean","Mixed",,,,"Yes","No","43.310667, -2.465050",,"Spain","Europe","10-100 km2",92.81,1.9675947727,,18.7,13.9,40.4268220957,,307.97,2.4885066503,1062.79,3.026449142,-0.54,-754.8253676471,88,,,,,,28.0,881.0,
"Finlay","Izagirre et al. 2008",2008,"Muxika  ","Continuous",1,"2","Closed","Closed",70,"Mediterrean","Mixed",,,,"Yes","No","43.291382, -2.687886",,"Spain","Europe","10-100 km2",31.41,1.4970679364,,9.5,15.4,40.2166670683,,342.19,2.5342641409,1095.00,3.0394141192,-0.51,-752.8125,89,,,,,,28.0,1087.0,
"Finlay","Izagirre et al. 2008",2008,"Oiartzun  ","Continuous",1,"2","Closed","Open",34.5,"Mediterrean","Urban",,,,"Yes","No","43.293844, -1.857353",,"Spain","Europe","10-100 km2",56.13,1.7491950422,,22,15.2,40.2445614099,,524.69,2.7199007178,1014.49,3.0062457559,-0.29,-489.7977941176,167,,,,,,45.0,1282.0,
"Finlay","Jackson and Fisher, others",1981,"Sycamore Creek","Quarterly",,"1","Open","Open",0,"Arid","Desert",,,,"No","No","33.733617, -111.521566",,"Arizona","North America","100-1000km 2",505,2.7032913781,,,17,39.9948967174,,944.00,2.9749719943,2250.00,3.3521825181,-0.38,-1306,33,50,,100.0,15.0,70.0,50.0,85.0,
"Newer","Kominoski et al",2018,"8 (Pre)","Quarterly",1,"1","Closed","Closed",,"Temperate","Forest",,,,,,,,"North Carolina","North America","<1 km2",0.5,-0.3010299957,,,,,,15.40,1.1874766546,708.33,2.8502344863,,-692.9296875,103,,,,,,,,
"Newer","Kominoski et al",2018,"128 (Pre)","Quarterly",1,"1","Closed","Closed",,"Temperate","Forest",,,,,,,,"North Carolina","North America","<1 km2",0.5,-0.3010299957,,,,,,5.13,0.7103553999,509.86,2.7074504093,,-504.7265625,159,,,,,,,,
"Newer","Kominoski et al",2018,"32 (Pre)","Quarterly",1,"1","Closed","Closed",,"Temperate","Forest",,,,,,,,"North Carolina","North America","<1 km2",0.5,-0.3010299957,,,,,,10.27,1.0113853956,167.67,2.2244602209,,-157.40625,345,,,,,,,,
"Newer","Larsen et al. 2017",2017,"Accotink Creek","Continuous",,2,"Closed","Closed",,"Temperate","Urban",,,,,,,,"Virginia","North America","10-100 km2",10.33,1.0141003215,,,,,,56.11875,1.7491079889,190.25625,2.2793389324,,-134.1375,353,,,,,,,,
"Finlay","Luthgart and Wallace; other sources",1992,"C5","Quarterly",,"1","Closed","Closed",,"Temperate","Forest",,,,"No","No",,,"North Carolina","North America","<1 km2",0.075,-1.1249387366,,,12.7,40.5965341352,,1.90,0.278753601,110.00,2.0413926852,-1.76,-108.1,368,,0,762.2,2.0,4.0,2.0,6.0,
"Newer","Marcarelli et al. 2010",2010,"Portneuf","Continuous",8,2,"Open","Open",10,"Semi-arid","Mixed",,,,"No","No",42.822088,-112.40368,"Idaho","North America","1000-10000 km2",3500,3.5440680444,,22,12,40.6961924691,,494.8206521739,2.6944478173,3999.4987212276,3.6020055623,-0.91,-3504.6780690537,7,,,,,,,,
"Newer","Masese",2016,"Kaps","Semi-annual",1,2,"Closed","Open",37.5,"Tropical Seasonal","Mixed",,,,"No","No","0°45.9’","36°22.3’","Kenya","Africa","1-10 km2",2.36,0.372912003,,2,18.65,39.7687432576,,764.0405273438,2.8831163957,2190.8051470588,3.3406037526,-0.46,-1426.7646197151,29,,,,,,,,
"Newer","Masese",2016,"Bomet","Semi-annual",1,2,"Closed","Open",37.5,"Tropical Seasonal","Mixed",,,,"No","No","0°50.5’","36°20.1’","Kenya","Africa","10-100 km2",13.98,1.1455071714,,1.85,17.7,39.8986394449,,1587.75,3.2007821214,2573.25,3.4104819814,-0.21,-985.5,60,,,,,,,,
"Newer","Masese",2016,"Bondet","Semi-annual",1,1,"Closed","Closed",77.5,"Tropical/Subtropical","Forest",,,,"No","No","0°44.1’","36°27.2’","Kenya","Africa","1-10 km2",2,0.3010299957,,2.45,14.35,40.3635453306,,18.25,1.2612628688,814.0036764706,2.9106263664,-1.65,-795.7536764706,81,,,,,,,,
"Newer","Masese",2016,"Issey I","Semi-annual",1,1,"closed","Closed",62.5,"Tropical/Subtropical","Forest",,,,"No","No","0°44.8’","36°32.0’","Kenya","Africa","10-100 km2",23.2,1.3654879849,,3.25,13.45,40.4902975665,,122.6171875,2.0885513504,844.5992647059,2.926650699,-0.84,-721.9820772059,95,,,,,,,,
"Newer","Masese",2016,"Issey II","Semi-annual",1,1,"Closed","Open",37.5,"Tropical/Subtropical","Forest",,,,"No","No","0°46’","36°30.5’","Kenya","Africa","10-100 km2",31.98,1.5048784594,,4.45,15.65,40.1818534715,,92.9609375,1.9683004949,791.4595588235,2.8984287286,-0.93,-698.4986213235,101,,,,,,,,
"Newer","Masese",2016,"Mosoriot","Semi-annual",1,1,"Closed","Closed",80,"Tropical/Subtropical","Forest",,,,"No","No","0°42.2’","36°25.4’","Kenya","Africa","1-10 km2",4.55,0.6580113967,,2.05,13.65,40.4620616547,,91.25,1.9602328731,705.3088235294,2.848379317,-0.89,-614.0588235294,122,,,,,,,,
"Newer","Masese",2016,"Sara","Semi-annual",1,1,"Closed","Closed",72.5,"Tropical/Subtropical","Forest",,,,"No","No","0°44.7’","36°28.3’","Kenya","Africa","1-10 km2",9.96,0.9982593384,,1.8,14.2,40.3846155648,,134.59375,2.1290248934,695.6470588235,2.8423889533,-0.71,-561.0533088235,138,,,,,,,,
"Newer","Masese",2016,"Kaki","Semi-annual",1,2,"Open","Open",27.5,"Tropical Seasonal","Mixed",,,,"No","No","0°50.5’","36°27.6’","Kenya","Africa","1-10 km2",6.98,0.8438554226,,1.55,18.55,39.7823766971,,463.5571289063,2.6661032643,864.7279411765,2.9368794922,-0.27,-401.1708122702,205,,,,,,,,
"Newer","Masese",2016,"TNK","Semi-annual",1,2,"Closed","Open",47.5,"Tropical Seasonal","Mixed",,,,"No","No","0°44.8’","36°22.0’","Kenya","Africa","10-100 km2",12.7,1.103803721,,1.65,18.35,39.8096716383,,242.2045898438,2.3841823689,611.9117647059,2.7866888031,-0.40,-369.7071748621,220,,,,,,,,
"Finlay","McTammany et al.  ",2003,"Little Tennessee River site 1","Bi-Monthly",2,"2","Closed","Closed",,"Temperate","Ag",,,,"No","No","35.090480, -83.380481",,"North Carolina","North America","100-1000km 2",370,2.5682017241,,18.3,14.7,40.3144668493,,142.00,2.1522883444,523.00,2.7185016889,-0.57,-381,215,,,,28.5,107.2,122.3,135.7,1.34
"Finlay","McTammany et al.  2003",2003,"Little Tennessee River site 2 ","Bi-Monthly",2,"2","Closed","Closed",,"Temperate","Ag",,,,"No","No","35.122139, -83.378202",,"North Carolina","North America","100-1000km 2",390,2.591064607,,17.2,15,40.2724944736,,158.00,2.198657087,385.00,2.5854607295,-0.39,-227,313,,,,3.7,208.6,133.6,212.4,1.32
"Finlay","McTammany et al.  2003",2003,"Little Tennessee River site 3 ","Bi-Monthly",2,"2","Closed","Closed",,"Temperate","Ag",,,,"No","No","35.234954, -83.395719",,"North Carolina","North America","100-1000km 2",836,2.9222062774,,46.3,15.8,40.1609942293,,275.00,2.4393326938,385.00,2.5854607295,-0.15,-110,365,,,,,,,,
"Finlay","McTammany et al.  2003",2003,"Little Tennessee River site 4  ","Bi-Monthly",2,"2","Closed","Closed",,"Temperate","Ag",,,,"No","Yes","35.258075, -83.442541",,"North Carolina","North America","1000-10000 km2",1000,3,,40.5,16,40.1332155717,,406.00,2.6085260336,439.00,2.6424645202,-0.03,-33,401,,,,,,,,
"Newer","Meyer et al. 1990",1990,"Black Creek","Monthly",1,"1","Closed","Closed",,"Temperate","Forest",,,,"No","No","32.152912, -81.468713",,"Georgia","North America","100-1000km 2",600,2.7781512504,,8,24,39.0527318949,,93.75,1.9719712764,562.5,2.7501225268,-0.78,-468.75,175,,,,,,,,
"Newer","Mineau et al.",2012,"Deep Creek (Invaded)","Monthly",2,1,"Open","Closed",60,"Arid","Desert",,,,"No","No","42.168 N, 112.658 W",,"Idaho","North America","10-100 km2",25,1.3979400087,,,8,41.2751886273,,784,2.8943160627,828,2.9180303368,-0.02,-44,398,,,,,,,,
"Newer","Mineau et al.",2012,"Deep Creek (Reference)","Monthly",2,1,"Open","Closed",0,"Arid","Desert",,,,"No","No","42.168 N, 112.658 W",,"Idaho","North America","10-100 km2",25,1.3979400087,,,8,41.2751886273,,299,2.4756711883,316,2.4996870826,-0.02,-17,407,,,,,,,,
"Newer","Munch et al. 2006",2006,"Silver River","Continuous",1,2,"Closed","Closed",,"Tropical","Mixed",,,,"No","No","29.204795, -82.003768",,"Florida","North America","1000-10000 km2",2910.72,3.46400043,,70,20.7,39.4913026461,,1277.50,3.1063609088,1795.21,3.2541145174,-0.15,-517.7069356695,153,,,,,,,,
"Newer","O'Driscoll",2016,"GS","Continuous",2,1,"Closed","Closed",100,"Temperate","Forest",,,,"No","No",,,"Ireland","Europe","<1 km2",0.1,-1,,0.5,,,,23.3828125,1.3688967472,390.4963235294,2.5916169494,-1.22,-367.1135110294,222,,,,,,,,
"Newer","O'Driscoll",2016,"GC (Post-felling)","Continuous",1,2,"Open","Open",,"Temperate","Forest",,,,"No","No",,,"Ireland","Europe","<1 km2",0.1,-1,,0.5,,,,26.234375,1.4188707222,135.2647058824,2.1311844925,-0.71,-109.0303308824,367,,,,,,,,
"Newer","O'Driscoll",2016,"GC (pre-felling)","Continuous",1,1,"Closed","Closed",100,"Temperate","Forest",,,,"No","No",,,"Ireland","Europe","<1 km2",0.1,-1,,0.5,,,,14.828125,1.1710862384,90.1764705882,1.9550932335,-0.78,-75.3483455882,385,,,,,,,,
"Newer","Odum 1957",1957,"Silver Springs","Monthly",2,2,"Closed","Open",20,"Sub-Tropical","Mixed",,,,"No","No","29.204795, -82.003768",,"Florida","North America","1000-10000 km2",2910.72,3.46400043,,30,23,39.1845999749,,3200,3.5051499783,3000,3.4771212547,0.03,200,424,,,,,,,,
"Finlay","Ortiz 2005",2005,"La Vega","Monthly",2,1,"Closed","Open",40,"Tropical/Subtropical","Forest",,,,"No","No","18.349894, -65.761392",,"Puerto Rico (Loquillo LTER)","Caribbean","10-100 km2",24,1.3802112417,,17,24.5,38.9871301279,,131.20,2.117933835,798.71,2.902386883,-0.78,-667.5058823529,108,,,,,,,,
"Finlay","Ortiz 2005",2005,"Puente Roto","Monthly",2,1,"Closed","Open",39,"Tropical/Subtropical","Forest",,,,"No","No","18.326747, -65.749936",,"Puerto Rico (Loquillo LTER)","Caribbean","10-100 km2",18,1.2552725051,,15,24.5,38.9871301279,,202.00,2.3053513694,655.39,2.8164996157,-0.51,-453.3897058824,180,,,,,,,,
"Finlay","Ortiz 2005",2005,"Bisley","Monthly",2,1,"Closed","Closed",89,"Tropical/Subtropical","Forest",,,,"No","No","18.311836, -65.747704",,"Puerto Rico (Loquillo LTER)","Caribbean","<1 km2",0.4,-0.3979400087,,5,23,39.1845999749,,21.67,1.3358964871,392.00,2.593286067,-1.26,-370.328125,218,0.6834532374,,,,,13.0,,
"Newer","Peninno et al 2014",2014,"DR1","Quarterly",1,"2","Closed","Closed",,"Temperate","urban",,,,"no","No","39.292348, -76.745612",,"Maryland","North America","1-10 km2",2,0.3010299957,,,15,40.2724944736,,185.3515625,2.2679962515,591.7830882353,2.7721625499,-0.50,-406.4315257353,203,,,,,,,,
"Newer","Peninno et al 2015",2014,"DR2","Quarterly",1,"2","Closed","Closed",,"Temperate","urban",,,,"No","No","39.292348, -76.745612",,"Maryland","North America","1-10 km2",1,0,,,18,39.8575280184,,582.859375,2.7655637863,1018.5110294118,3.0079657363,-0.24,-435.6516544118,189,,,,,,,,
"Newer","Peninno et al 2016",2014,"DR5","Quarterly",1,"2","Closed","Closed",,"Temperate","urban",,,,"No","No","39.292348, -76.745612",,"Maryland","North America","1-10 km2",2.5,0.3979400087,,,16,40.1332155717,,431.44140625,2.6349218228,438.8051470588,2.6422717131,-0.01,-7.3637408088,411,,,,,,,,
"Newer","Rand",1992,"Orwell Brook","Quarterly",2,2,"Closed","Closed",,"Temperate","Ag",,,,"No","No","43.528126, -76.013962",,"New York","North America","10-100 km2",48.3,1.6839471308,,,11.4,40.7820041559,,423.45703125,2.6268093485,557.5643382353,2.7462949885,-0.12,-134.1073069853,354,,,,,,,,
"Newer","Roberts et al. 2007",2007,"Walker Branch","Continuous",2,1,"Closed","Closed",90,"Temperate","Forest",,,,"No","No","35.959255, -84.280029",,"Tennessee","North America","<1 km2",0.384,-0.4156687756,,2.1,13.7,40.4550088289,,236.015625,2.3729407556,660.825,2.8200864646,-0.45,-424.809375,197,"~0",0,,3.0,30.0,3.0,,
"Newer","Rode",2016,"Selke (Forest)","Continuous",2,1,"Closed","Closed",,"Temperate","Forest",,,,"No","No",,,"Germany","Europe","100-1000km 2",184,2.264817823,1.5272,,,,,48.125,1.6823707425,574.1911764706,2.7590565145,-1.08,-526.0661764706,149,,,,,,,,
"Newer","Rode",2016,"Selke (Ag)","Continuous",2,2,"Closed","Open",,"temperate","Ag",,,,"No","No",,,"Germany","Europe","100-1000km 2",272,2.434568904,0.20672,,,,,230.3125,2.3623175095,578.6029411765,2.7623806369,-0.40,-348.2904411765,234,,,,,,,,
"Newer","Ruggiero et al. 2006",2006,"Fosso Bognatore (WWTP)","Quarterly",1,"2","Open","Closed",,"Semi-arid","Mixed",4,60,36,"Yes","No",,,"Italy","Europe","10-100 km2",19,1.278753601,0.35,1.75,,,,42.43,1.627685826,4010.44,3.6031917525,-1.98,-3968.00625,6,,,,,,,,
"Newer","Ruggiero et al. 2006",2006,"Fosso Bognatore (Control)","Quarterly",1,"2","Open","Closed",,"Semi-arid","Mixed",4,60,36,"No","No",,,"Italy","Europe","10-100 km2",19,1.278753601,0.35,1.75,,,,401.04,2.6031917525,1494.68,3.1745467706,-0.57,-1093.63125,48,,,,,,,,
"Newer","Saltarelli et al. 2018",2018,"Espraiado","Bi-Monthly",1,"1","Closed","Closed",72,"Tropical","Forest",,,,"No","No","S21°58.831'","W47°52.418'","Brazil","South America","1-10 km2",2.49,0.3961993471,0.01,0.6,18.7666666667,,,31.9375,1.5043009175,3253.0625,3253.0625,-2.01,-3221.125,,,,,,,,,
"Newer","Saltarelli et al. 2018",2018,"Fazzari","Bi-Monthly",1,"1","Closed","Closed",77,"Tropical","Forest",,,,"No","No","S21°58.134'","W47°53.138'","Brazil","South America","<1 km2",0.69,-0.1611509093,0.002,1.3,19.9333333333,,,18.25,1.2612628688,1802.1875,1802.1875,-1.99,-1783.9375,,,,,,,,,
"Newer","Saltarelli et al. 2018",2018,"Broa","Bi-Monthly",1,"1","Closed","Closed",66,"Tropical","Forest",,,,"No","No","S22°11.682'","W47°53.930'","Brazil","South America","1-10 km2",2.68,0.428134794,0.019,0.8,19.8,,,34.21875,1.5342641409,1617.40625,1617.40625,-1.67,-1583.1875,,,,,,,,,
"Newer","Saltarelli et al. 2018",2018,"Canchim","Bi-Monthly",1,"2","Closed","Closed",77,"Tropical","Urban",,,,"No","No","S21°58.012'","W47°50.562'","Brazil","South America","1-10 km2",1.17,0.0681858617,0.004,1.2,19.75,,,15.96875,1.2032709218,542.9375,542.9375,-1.53,-526.96875,,,,,,,,,
"Newer","Saltarelli et al. 2018",2018,"Mineirinho","Bi-Monthly",1,"2","Closed","Closed",74,"Tropical","Ag",,,,"No","No","S22°0.213'","W47°55.680'","Brazil","South America","<1 km2",0.82,-0.0861861476,0.055,1.2,19.95,,,13.6875,1.1363241322,561.1875,561.1875,-1.61,-547.5,,,,,,,,,
"Newer","Saltarelli et al. 2018",2018,"Santa Maria","Bi-Monthly",2,"2","Closed","Closed",58,"Tropical","Ag",,,,"No","No","S22°2.672'","W47°58.083","Brazil","South America","1-10 km2",6.24,0.7951845897,0.069,1.4,22.1666666667,,,13.6875,1.1363241322,570.3125,570.3125,-1.62,-556.625,,,,,,,,,
"Newer","Sanchez-Perez",2013,"Lezat Down","Quarterly",,2,"Closed","Open",,"temperate","Ag",,,,"No","Yes","43.291165, 1.349919",,"France","Europe","100-1000km 2",275,2.4393326938,,4.9,0,42.4840537527,,672.96875,2.8279948978,6054.7058823529,3.7820930514,-0.95,-5381.737132353,4,,,,,,,,
"Newer","Sanchez-Perez",2013,"Lezat Up","Quarterly",,2,"Closed","Open",,"temperate","Ag",,,,"No","No","43.274468, 1.353982",,"France","Europe","100-1000km 2",275,2.4393326938,7,5.1,0,42.4840537527,,39.921875,1.6012109305,821.25,2.9144753826,-1.31,-781.328125,85,,,,,,,,
"Newer","Sanchez-Perez",2013,"Montegut Down","Quarterly",,2,"Closed","Closed",,"temperate","Forest",,,,"No","Yes","43.064725, 1.489778",,"France","Europe","10-100 km2",10,1,,3.6,,,,410.625,2.6134453869,1143.3088235294,3.0581635552,-0.44,-732.6838235294,92,,,,,,,,
"Newer","Sanchez-Perez",2013,"Montegut Up","Quarterly",,1,"Closed","Closed",,"Temperate","Forest",,,,"No","No","43.064725, 1.489778",,"France","Europe","10-100 km2",10,1,,4.7,,,,376.40625,2.575656826,676.3235294118,2.8301544969,-0.25,-299.9172794118,261,,,,,,,,
"Finlay","Servais et al. 1984",1984,"Viroin","Monthly",,"2","Open","Closed",,"Temperate","Ag",,,,"No","No",,,"Belgium","Europe","100-1000 km2",725,2.8603380066,20,,15,40.2724944736,,456.25,2.6592028775,1449.26,3.1611477159,-0.50,-993.0147058824,59,,,,75.0,1830.0,155.0,1905.0,
"Newer","Shafer 2013",2013,"Jemez River","Quarterly",,1,"Open","Open",,"Arid","Desert",,,,"No","No","43.291165, 1.349919",,"New Mexico","North America","100-1000km 2",114,2.0569048513,,,20,39.5856021919,,600.111328125,2.7782318249,774.8198529412,2.88920074,-0.11,-174.7085248162,341,,,,,,,,
"Newer","Smith and Kaushal 2016",2016,"PBCP","Continuous",2,2,"Closed","Closed",,"Temperate","Urban",,,,"No","No","39.015323, -76.943572",,"Maryland","North America","10-100 km2",21,1.3222192947,,,15,40.2724944736,,138.7,2.1420764611,266.45,2.4256157246,-0.28,-127.75,358,,,,,,,,
"Newer","Smith and Kaushal 2016",2016,"SLIGO","Continuous",1,2,"Closed","Closed",,"Temperate","Urban",,,,"No","No","38.981359, -76.997971",,"Maryland","North America","10-100 km2",10.9,1.0374264979,,,15,40.2724944736,,178.85,2.2524889445,277.4,2.4431064567,-0.19,-98.55,370,,,,,,,,
"Newer","Smith and Kaushal 2016",2016,"NERP","Continuous",2,2,"Closed","Closed",,"Temperate","Urban",,,,"No","No","38.950979, -76.960812",,"Maryland","North America","100-1000km 2",117,2.0681858617,,,15,40.2724944736,,240.9,2.3818368,321.2,2.5067755366,-0.12,-80.3,382,,,,,,,,
"Newer","Townsend",2011,"Daly","Monthly",,"1","Open","Open",0,"Tropical","Grassland",,,,"No","No","43.528126, -76.013962",,"Australia","Asia/Pacifica","10,000-100,000 km2",20000,4.3010299957,,50,29,38.4064844698,,249.53125,2.3971249422,701.4705882353,2.8460094663,-0.45,-451.9393382353,182,,,,,,,,
"Finlay","Uehlinger1993",1993,"River Glatt","Continuous",,"2","Closed","Open",,"Temperate-alpine","forest",,,,"No","No",,,"Switzerland","Europe","100-1000km 2",170,2.2304489214,,,10,40.9836457092,,790.00,2.8976270913,1130.00,3.0530784435,-0.16,-340,238,,,,50.0,1500.0,50.0,1550.0,
"Finlay","Uelinger 2000",2000,"Necker","Continuous",,"2","Open","Open",,"Temperate","pasture, forest",,,,"No","No","47.393256, 9.083109",,"Switzerland","Europe","100-1000km 2",126,2.1003705451,,15,8,41.2751886273,,290.86,2.4636830666,547.50,2.7383841235,-0.27,-256.640625,292,,,,20.0,1300.0,23.0,1320.0,
"Finlay","Uelinger 2006",2006,"Thur","Continuous",,"2","Closed","Open",,"Temperate-prealpine","Ag",,,,"No","No","47.597190, 8.680943",,"Switzerland","Europe","1000-10000 km2",1696,3.2294258479,,50,10,40.9836457092,,570.31,2.7561128905,998.38,2.999296896,-0.24,-428.0698529412,194,,,,,2500.0,100.0,2500.0,3
"Newer","Ulseth",2017,3,"Continuous",,1,"Closed","Closed",,"Alpine/Sub-boreal","Forest",,,,"No","No",,,"Switzerland","Europe","1-10 km2",2.3,0.361727836,0.3,,,,,309,2.4899584794,1345,3.1287222843,-0.64,-1036,53,,,,,,,,
"Newer","Ulseth",2017,6,"Continuous",,1,"Closed","Closed",,"Alpine/Sub-boreal","Forest",,,,"No","No",,,"Switzerland","Europe","1-10 km2",2.1,0.3222192947,0.12,,,,,841,2.9247959958,1735,3.2392994791,-0.31,-894,72,,,,,,,,
"Newer","Ulseth",2017,1,"Continuous",,1,"Closed","Closed",,"Alpine/Sub-boreal","Forest",,,,"No","No",,,"Switzerland","Europe","10-100 km2",14.1,1.1492191127,0.78,,,,,416,2.6190933306,1189,3.0751818546,-0.46,-773,86,,,,,,,,
"Newer","Ulseth",2017,5,"Continuous",,1,"Closed","Closed",,"Alpine/Sub-boreal","Forest",,,,"No","No",,,"Switzerland","Europe","<1 km2",0.1,-1,0.01,,,,,141,2.1492191127,841,2.9247959958,-0.78,-700,99,,,,,,,,
"Newer","Ulseth",2017,7,"Continuous",,1,"Closed","Closed",,"Alpine/Sub-boreal","Forest",,,,"No","No",,,"Switzerland","Europe","1-10 km2",1.5,0.1760912591,0.12,,,,,169,2.2278867046,763,2.882524538,-0.65,-594,127,,,,,,,,
"Newer","Ulseth",2017,4,"Continuous",,1,"Closed","Closed",,"Alpine/Sub-boreal","Forest",,,,"No","No",,,"Switzerland","Europe","1-10 km2",2.2,0.3424226808,0.11,,,,,132,2.1205739312,714,2.8536982118,-0.73,-582,131,,,,,,,,
"Newer","Ulseth",2017,11,"Continuous",,1,"Closed","Closed",,"Alpine/Sub-boreal","Forest",,,,"No","No",,,"Switzerland","Europe","10-100 km2",46.4,1.6665179806,2.6,,,,,1031,3.0132586653,1441,3.1586639808,-0.15,-410,202,,,,,,,,
"Newer","Ulseth",2017,9,"Continuous",,1,"Closed","Closed",,"Alpine/Sub-boreal","Forest",,,,"No","No",,,"Switzerland","Europe","10-100 km2",16.2,1.2095150145,0.9,,,,,62,1.7923916895,457,2.6599162001,-0.87,-395,208,,,,,,,,
"Newer","Ulseth",2017,10,"Continuous",,1,"Closed","Closed",,"Alpine/Sub-boreal","Forest",,,,"No","No",,,"Switzerland","Europe","1-10 km2",5.4,0.7323937598,0.13,,,,,508,2.7058637123,878,2.9434945159,-0.24,-370,219,,,,,,,,
"Newer","Ulseth",2017,12,"Continuous",,1,"Closed","Closed",,"Alpine/Sub-boreal","Forest",,,,"No","No",,,"Switzerland","Europe","1-10 km2",2.2,0.3424226808,0.12,,,,,492,2.6919651028,742,2.8704039053,-0.18,-250,299,,,,,,,,
"Newer","Ulseth",2017,2,"Continuous",,1,"Closed","Closed",,"Alpine/Sub-boreal","Forest",,,,"No","No",,,"Switzerland","Europe","10-100 km2",34.6,1.5390760988,1.93,,,,,409,2.611723308,603,2.7803173121,-0.17,-194,333,,,,,,,,
"Newer","Ulseth",2017,8,"Continuous",,1,"Closed","Closed",,"Alpine/Sub-boreal","Forest",,,,"No","No",,,"Switzerland","Europe","100-1000km 2",203.8,2.3092041797,11.37,,,,,638,2.8048206787,778,2.890979597,-0.09,-140,351,,,,,,,,
"Newer","Vink et al 2005",2005,"Darlington Point","Semi-annual",,1,"Open","Open",0,"Arid","Desert",,,,"No","Yes","-34.563561, 145.997222",,"Australia","Asia/Pacifica","10,000-100,000 km2",60000,4.7781512504,,48.7534626039,18.5,39.7891969229,,227.229609375,2.3564649219,441.9532720588,2.6453763536,-0.29,-214.7236626838,319,,,,,,,,
"Newer","Vink et al 2005",2005,"Narrandera","Semi-annual",,1,"Open","Open",0,"Arid","Desert",,,,"No","Yes","-34.751140, 146.529844",,"Australia","Asia/Pacifica","10,000-100,000 km2",42000,4.6232492904,,46.3986583884,18,39.8575280184,,408.1983203125,2.6108712133,610.4222426471,2.7856303501,-0.17,-202.2239223346,328,,,,,,,,
"Newer","Vink et al 2005",2005,"Gundagai","Semi-annual",,1,"Open","Open",0,"Arid","Desert",,,,"No","Yes","-35.068108, 148.096434",,"Australia","Asia/Pacifica","10,000-100,000 km2",17000,4.2304489214,,47.3837716565,14.9,40.2864755513,,45.11171875,1.654289374,236.5522058824,2.3739270023,-0.72,-191.4404871324,336,,,,,,,,
"Newer","Vink et al 2005",2005,"Wagga Wagga","Semi-annual",,1,"Open","Open",0,"Arid","Desert",,,,"No","Yes","-35.094969, 147.348758",,"Australia","Asia/Pacifica","10,000-100,000 km2",28000,4.4471580313,,65.4193027325,17,39.9948967174,,164.751875,2.2168303659,295.5533823529,2.4706359338,-0.25,-130.8015073529,355,,,,,,,,
"Newer","Wegener et al. 2017",2017,"North St. Vrain Wide","Continuous",1,1,"Closed","Open",,"Alpine","Forest",,,,,,,,"Colorado","North America","10-100 km2",84,1.9242792861,,8,8.4,,,80.484375,1.9057115759,195.2205882353,2.290525617,,-114.7362132353,363,,,,,,,,
"Newer","Wegener et al. 2017",2017,"North St. Vrain Narrow","Continuous",1,1,"Closed","Closed",,"Alpine","Forest",,,,,,,,"Colorado","North America","10-100 km2",82,1.9138138524,,9.4,7.7,,,7.171875,0.8556327116,77.2058823529,1.8876503907,,-70.0340073529,386,,,,,,,,
"Newer","Whiting",2011,"Kings Creek","Quarterly",,1,"Open","Open",31,"Semi-arid","Grassland",,,,"No","No","39.088070, -96.585587",,"Kansas","North America","1-10 km2",1.34,0.1271047984,,0.9,13.2,40.5256479223,,134.685,2.1293192306,326.8575,2.5143584546,-0.39,-192.1725,334,,0,,,,,,
"Newer","Whiting",2011,"Kings Creek","Quarterly",,1,"Open","Closed",66,"Semi-arid","Grassland",,,,"No","No","39.104486, -96.601531",,"Kansas","North America","10-100 km2",10.6,1.0253058653,,1.6,12.1,40.6819256181,,121.545,2.084737098,274.2975,2.4382218494,-0.35,-152.7525,348,,0,,,,,,
"Newer","Whiting",2011,"Kings Creek","Quarterly",,1,"Open","Open",12,"Semi-arid","Grassland",,,,"No","No","39.088070, -96.585587",,"Kansas","North America","<1 km2",0.55,-0.2596373105,,0.7,15.6,40.1888113682,,169.725,2.2297458173,262.8,2.4196253609,-0.19,-93.075,373,,0,,,,,,
"Newer","Winders",,2,"Seasonal (intermittent streams)",,1,"Open","Open",0,"Semi-Arid","Grassland",,,,"No","No","37.741947, -94.335561",,"Kansas","North America","<1 km2",0.19,-0.721246399,,2.6,17,39.9948967174,,8.724375,0.9407343246,88.213125,1.9455332075,-1.00,-79.48875,383,,,,,,,,
"Newer","Winders",,1,"Seasonal (intermittent streams)",,1,"Open","Open",8,"Semi-Arid","Grassland",,,,"No","No","37.735493, -94.334364",,"Kansas","North America","<1 km2",0.22,-0.6575773192,,1.66,17,39.9948967174,,125.54140625,2.0987869891,203.3484375,2.3082408397,-0.21,-77.80703125,384,,,,,,,,
"Newer","Winders",,5,"Seasonal (intermittent streams)",,1,"Open","Closed",54,"Semi-Arid","Grassland",,,,"No","No","37.747614, -94.333997",,"Kansas","North America","<1 km2",0.098,-1.0087739243,,0.85,17,39.9948967174,,6.16875,0.79019717,61.51125,1.7889545526,-1.00,-55.3425,390,,,,,,,,
"Newer","Winders",,6,"Seasonal (intermittent streams)",,2,"Open","Closed",60,"Semi-Arid","Ag",,,,"No","No","37.747614, -94.333997",,"Kansas","North America","<1 km2",0.53,-0.2757241304,,2.19,17,39.9948967174,,15.069375,1.1780952404,68.20875,1.8338400907,-0.66,-53.139375,393,,,,,,,,
"Newer","Winders",,3,"Seasonal (intermittent streams)",,1,"Open","Open",20,"Semi-Arid","Grassland",,,,"No","No","37.745984, -94.340190",,"Kansas","North America","<1 km2",0.11,-0.9586073148,,0.77,17,39.9948967174,,4.935,0.693287157,20.51109375,1.3119888197,-0.62,-15.57609375,409,,,,,,,,
"Newer","Winders",,4,"Seasonal (intermittent streams)",,2,"Open","Closed",68,"Semi-Arid","Ag",,,,"No","No","37.745984, -94.340190",,"Kansas","North America","<1 km2",0.1,-1,,1.05,17,39.9948967174,,3.1725,0.5014016308,10.04625,1.0020039813,-0.50,-6.87375,412,,,,,,,,
"Newer","WSI 2005",2005,"Rock Springs Run 2","Quarterly (Extended deployment)",,2,"Closed","Closed",,"Tropical","Ag",,,,"No","No","28.776161, -81.499249",,"Florida","North America","100-1000km 2",197.5945691906,2.295775004,,37,22.4,39.2641491543,,114.0625,2.0571428861,1542.6617647059,3.1882707155,-1.13,-1428.5992647059,28,,,,,,,,
"Newer","WSI 2005",2005,"Rock Springs Run 1","Quarterly (Extended deployment)",,2,"Closed","Closed",,"Tropical","Ag",,,,"No","No","28.721002, -81.451785",,"Florida","North America","100-1000km 2",239.3934203655,2.3791122098,,31,23,39.1845999749,,160.828125,2.2063619988,1169.0735294118,3.0678418272,-0.86,-1008.2454044118,56,,,,,,,,
"Newer","WSI 2005",2005,"Wekiva River 2","Quarterly (Extended deployment)",,2,"Closed","Closed",,"Tropical","Mixed",,,,"No","No","28.806060, -81.417187",,"Florida","North America","1000-10000 km2",1086.7701305483,3.0361376935,,120,22.4,39.2641491543,,614.796875,2.7887316513,1478.25,3.1697478877,-0.38,-863.453125,77,,,,,,,,
"Newer","WSI 2005",2005,"Wekiva River 1","Quarterly (Extended deployment)",,2,"Closed","Closed",,"Tropical","Mixed",,,,"No","No","28.714286, -81.452612",,"Florida","North America","100-1000km 2",592.7837075718,2.7728962587,,21,23.7,39.0921990317,,241.8125,2.3834787471,904.9852941176,2.956641522,-0.57,-663.1727941176,110,,,,,,,,
"Newer","WSI 2005",2005,"Alexander Springs Run","Quarterly (Extended deployment)",,1,"Closed","Closed",,"Tropical","Forest",,,,"No","No","29.081821, -81.566332",,"Florida","North America","100-1000km 2",471.1870496084,2.6731933455,,63,21.9,39.330687282,,646.734375,2.810725945,996.7720588235,2.9985958555,-0.19,-350.0376838235,232,,,,,,,,
"Newer","WSI 2005",2005,"Juniper Creek","Quarterly (Extended deployment)",,1,"Closed","Closed",,"Tropical","Forest",,,,"No","No","29.215480, -81.656874",,"Florida","North America","10-100 km2",94.9973890339,1.977711669,,10.2,23.5,39.1185548038,,651.296875,2.8137789944,982.2794117647,2.9922350415,-0.18,-330.9825367647,246,,,,,,,,
"Newer","WSI 2011",2011,"Gum Slough","Quarterly (Extended deployment)",,2,"Closed","Closed",,"Tropical","Ag",,,,"No","No","28.697936, -82.247028",,"Florida","North America","100-1000km 2",243.6155265448,2.3867049641,,21.8181818182,23.2,39.158155163,,651.8671875,2.8141591209,1067.2224264706,3.0282549429,-0.21,-415.3552389706,201,17.8425,,,,,,,
"Finlay","Young and Huryn 1999",1999,"Powder","Quarterly",,"1","Closed","Closed",,"Temperate","Forest",,,,"No","No","45'48' S, 170'25' E",,"New Zealand","Asia/Pacifica","1-10 km2",9.9,0.9956351946,,3.4,7.9,41.2898746933,100,67.64,1.8301975795,863.12,2.9360699962,-1.11,-795.4785845588,82,,0,,,,,,
"Finlay","Young and Huryn 1999",1999,"Big","Quarterly",,"1","Closed","Closed",,"Temperate","Forest",,,,"No","No","45'46' S, 170'22' E",,"New Zealand","Asia/Pacifica","10-100 km2",12.8,1.1072099696,,3.2,9.5,41.0561446402,80,168.81,2.2274046015,374.55,2.5735149169,-0.35,-205.7419117647,325,,0,,,,,,
"Finlay","Young and Huryn 1999",1999,"Lee","Quarterly",,"2","Open","Open",,"Temperate","Grassland",,,,"No","No","45'36' S, 170'27' E",,"New Zealand","Asia/Pacifica","10-100 km2",96.5,1.9845273133,,3.8,9.6,41.0416243415,340,143.95,2.158202241,326.25,2.5135446475,-0.36,-182.2987132353,339,,72,,,,12.0,,
"Finlay","Young and Huryn 1999",1999,"Three O Clock","Quarterly",,"2","Open","Open",,"Temperate","Grassland",,,,"No","No","45'47'S, 170°03' E",,"New Zealand","Asia/Pacifica","10-100 km2",38.7,1.587710965,,6,8.9,41.143482654,280,420.09,2.623344605,434.78,2.6382689706,-0.01,-14.6872242647,410,,40,,,,,,
,,,,,,,,,,,,,,,,,,,,,,,,,,,,,,,,,,,,,,,,,,,
,,,,,,,,,,,,,,,,,,,,,,,,,,,,,,,,,,,,,,,,,,,
,,,,,,,,,,,,,,,,,,,,,,,,,,,,,,,,,,,,,,,,,,,
,,,,,,,,,,,,,,,,,,,,,,,,,,,,,,,,,,,,,,,,,,,
,,,,,,,,,,,,,,,,,,,,,,,,,,,,,,,,,,,,,,,,,,,
,,,,,,,,,,,,,,,,,,,,,,,,,,,,,,,,,,,,,,,,,,,
,,,,,,,,,,,,,,,,,,,,,,,,,,,,,,,,,,,,,,,,,,,
,,,,,,,,,,,,,,,,,,,,,,,,,,,,,,,,,,,,,,,,,,,
,,,,,,,,,,,,,,,,,,,,,,,,,,,,,,,,,,,,,,,,,,,
,,,,,,,,,,,,,,,,,,,,,,,,,,,,,,,,,,,,,,,,,,,
,,,,,,,,,,,,,,,,,,,,,,,,,,,,,,,,,,,,,,,,,,,
,,,,,,,,,,,,,,,,,,,,,,,,,,,,,,,,,,,,,,,,,,,
,,,,,,,,,,,,,,,,,,,,,,,,,,,,,,,,,,,,,,,,,,,
,,,,,,,,,,,,,,,,,,,,,,,,,,,,,,,,,,,,,,,,,,,
,,,,,,,,"Cold Forest",,"#DIV/0!",,,,,,,,,,,,,,,,,,,,,,,,,,,,,,,,,
,,,,,,,,"Temperate Forest",,"#DIV/0!",,,,,,,,,,,,,,,,,,,,,,,,,,,,,,,,,
,,,,,,,,"Tropical Forest",,"#DIV/0!",,,,,,,,,,,,,,,,,,,,,,,,,,,,,,,,,
,,,,,,,,"Grassland",,820,,,,,,,,,,,,,,,,,,,,,,,,,,,,,,,,,
,,,,,,,,"Desert",,"#DIV/0!",,,,,,,,,,,,,,,,,,,,,,,,,,,,,,,,,
,,,,,,,,"Tundra/Moorland",,"#DIV/0!",,,,,,,,,,,,,,,,,,,,,,,,,,,,,,,,,
